,UUP,UUP_mom_1m,UUP_mom_3m,UUP_mom_12m,EURUSD=X,GBPUSD=X,JPYUSD=X,VIX,SPY_returns,US_T10Y,EUR_T10Y,JPY_T10Y,GBP_T10Y,US_T10Y_change,EUR_T10Y_change,JPY_T10Y_change,GBP_T10Y_change,FedRate,YieldSpread,FedRate_change,YieldSpread_change
2023-11-01,27.017698287963867,0.0016672940174495832,0.05663031643735916,0.009137485383058364,1.0579099655151367,1.215214490890503,0.006609647069126368,16.8700008392334,0.010664852099070199,4.77,3.4202495419429906,0.66,4.2721,-0.11000000000000032,,,,5.33,-0.18,0.0,0.010000000000000009
2023-11-02,26.882787704467773,-0.00033449088267645255,0.05655704032875897,0.004432972667919977,1.05870521068573,1.2182197570800781,0.0066412086598575115,15.65999984741211,0.019164465536992692,4.67,3.4202495419429906,0.66,4.2721,-0.09999999999999964,,,,5.33,-0.31,0.0,-0.13
2023-11-03,26.63096046447754,-0.006375799403425253,0.04592019156672822,-0.009266449649340758,1.0619093179702759,1.2191851139068604,0.00664465082809329,14.90999984741211,0.009123259607724199,4.57,3.4202495419429906,0.66,4.2721,-0.09999999999999964,,,,5.33,-0.26,0.0,0.04999999999999999
2023-11-06,26.657941818237305,-0.0033624763639389377,0.042194035878505565,-0.016418455480645244,1.0732147693634033,1.237378716468811,0.006691245827823877,14.890000343322754,0.0023005104217217465,4.67,3.4202495419429906,0.66,4.2721,0.09999999999999964,,,,5.33,-0.26,0.0,0.0
2023-11-07,26.747880935668945,0.0003364035507267271,0.04497541062153254,0.005757959302053806,1.0721560716629028,1.2345526218414307,0.006667155772447586,14.8100004196167,0.00284592543766804,4.58,3.4202495419429906,0.66,4.2721,-0.08999999999999986,,,,5.33,-0.33,0.0,-0.07
2023-11-08,26.7388858795166,0.0023600964659400425,0.04279196366984772,0.011182467778599658,1.0696102380752563,1.2291808128356934,0.00664911326020956,14.449999809265137,0.0007324377896293921,4.49,3.4202495419429906,0.66,4.2721,-0.08999999999999986,,,,5.33,-0.44,0.0,-0.10999999999999999
2023-11-09,26.85580825805664,0.006743163403003516,0.04515223251492806,0.020075010789257774,1.0710422992706299,1.2285012006759644,0.006628486793488264,15.289999961853027,-0.007798764829534788,4.62,3.4202495419429906,0.66,4.2721,0.1299999999999999,,,,5.33,-0.41,0.0,0.030000000000000027
2023-11-10,26.837820053100586,-0.0023402989019802867,0.040809166563972044,0.011853373186877736,1.0667576789855957,1.2217023372650146,0.0066072456538677216,14.170000076293945,0.01560496961453195,4.61,3.4202495419429906,0.66,4.2721,-0.009999999999999787,,,,5.33,-0.43,0.0,-0.020000000000000018
2023-11-13,26.801843643188477,-0.00434352668490301,0.039051562653318106,0.03413444328787385,1.069015622138977,1.2228227853775024,0.006602011155337095,14.760000228881836,-0.0009532379996428642,4.63,3.4202495419429906,0.66,4.2721,0.019999999999999574,,,,5.33,-0.39,0.0,0.03999999999999998
2023-11-14,26.379131317138672,-0.01577176300546157,0.01981921742487769,0.03274532183819212,1.0701825618743896,1.228063702583313,0.006594305392354727,14.15999984741211,0.01940059904879421,4.44,3.4202495419429906,0.66,4.2721,-0.1899999999999995,,,,5.33,-0.36,0.0,0.030000000000000027
2023-11-15,26.478063583374023,-0.012411891922655571,0.023999966363666747,0.03193604524835547,1.0878314971923828,1.2494533061981201,0.0066451807506382465,14.180000305175781,0.0021171257506795715,4.53,3.4202495419429906,0.66,4.2721,0.08999999999999986,,,,5.33,-0.37,0.0,-0.010000000000000009
2023-11-16,26.496049880981445,-0.015374381488566846,0.02398320826760636,0.03623753325900214,1.0854581594467163,1.2422360181808472,0.006613100878894329,14.319999694824219,0.0012231513265239524,4.45,3.4202495419429906,0.66,4.2721,-0.08000000000000007,,,,5.33,-0.38,0.0,-0.010000000000000009
2023-11-17,26.352148056030273,-0.01776734318302009,0.01948501824778881,0.032770223096245665,1.0853756666183472,1.2414957284927368,0.006635479629039764,13.800000190734863,0.0012438501458902351,4.44,3.4202495419429906,0.66,4.2721,-0.009999999999999787,,,,5.33,-0.44,0.0,-0.06
2023-11-20,26.271203994750977,-0.021112596225346114,0.012829424539239742,0.02565600073094787,1.090702772140503,1.2454540729522705,0.006669245194643736,13.40999984741211,0.007697512048099542,4.42,3.4202495419429906,0.66,4.2721,-0.020000000000000462,,,,5.33,-0.47,0.0,-0.02999999999999997
2023-11-21,26.29818344116211,-0.015156696963774863,0.017397290285095623,0.023858330871056488,1.0945948362350464,1.2509069442749023,0.006740270648151636,13.350000381469727,-0.002179337313983898,4.41,3.4202495419429906,0.66,4.2721,-0.009999999999999787,,,,5.33,-0.45,0.0,0.019999999999999962
2023-11-22,26.388124465942383,-0.01741462359353696,0.012771853928994048,0.018521740045875257,1.0918222665786743,1.2544218301773071,0.006749824620783329,12.850000381469727,0.0038608333700165254,4.42,3.4202495419429906,0.66,4.2721,0.009999999999999787,,,,5.33,-0.47,0.0,-0.019999999999999962
2023-11-24,26.271203994750977,-0.024382094760403872,0.006894251254882633,0.020328752981461085,1.0906314849853516,1.2533526420593262,0.006682928651571274,12.460000038146973,0.0006152754547985584,4.47,3.4202495419429906,0.66,4.2721,0.009999999999999787,,,,5.33,-0.45,0.0,-0.019999999999999962
2023-11-27,26.217239379882812,-0.028657101014295305,0.006560806327513324,0.028921197467629556,1.0940439701080322,1.2600330114364624,0.006685788277536631,12.6899995803833,-0.0018009361832637127,4.39,3.4202495419429906,0.66,4.2721,-0.08000000000000007,,,,5.33,-0.45,0.0,0.0
2023-11-28,26.127300262451172,-0.030697392953759617,0.008680560029955098,0.025391448851993292,1.0958423614501953,1.2634397745132446,0.006736184470355511,12.6899995803833,0.000990103417726651,4.34,3.4202495419429906,0.66,4.2721,-0.04999999999999982,,,,5.33,-0.39,0.0,0.06
2023-11-29,26.15428352355957,-0.025795670096251944,0.011478251196874512,0.018963252715928247,1.100594401359558,1.2712295055389404,0.0067998068407177925,12.979999542236328,-0.0007033892895021987,4.27,3.4202495419429906,0.66,4.2721,-0.07000000000000028,,,,5.33,-0.37,0.0,0.020000000000000018
2023-11-30,26.343154907226562,-0.024642063679261916,0.013845628030217716,0.024542235161351345,1.0973695516586304,1.2696397304534912,0.006800916511565447,12.920000076293945,0.003937438919370484,4.37,3.4202495419429906,0.66,4.2721,0.10000000000000053,,,,5.33,-0.36,0.0,0.010000000000000009
2023-12-01,26.262210845947266,-0.02796268704922078,0.004472024804231811,0.029605290461434786,1.0892059803009033,1.2631685733795166,0.0067568025551736355,12.630000114440918,0.00591583404809759,4.22,2.86562834297746,0.62,3.8622,-0.15000000000000036,,,,5.33,-0.34,0.0,0.019999999999999962
2023-12-04,26.379131317138672,-0.01873527376944606,0.0037645902366545414,0.04699756613636441,1.088814616203308,1.2713103294372559,0.006830927450209856,13.079999923706055,-0.00524933529008742,4.28,2.86562834297746,0.62,3.8622,0.0600000000000005,,,,5.33,-0.36,0.0,-0.019999999999999962
2023-12-05,26.478063583374023,-0.005741320569622732,0.007184446873988559,0.052041059376100485,1.0837758779525757,1.2634079456329346,0.006787622347474098,12.850000381469727,-0.00019711695326440903,4.18,2.86562834297746,0.62,3.8622,-0.10000000000000053,,,,5.33,-0.39,0.0,-0.030000000000000027
2023-12-06,26.5410213470459,-0.004385952673638838,0.007167282553742549,0.04602022034987008,1.0793657302856445,1.2594457864761353,0.006794170942157507,12.970000267028809,-0.00402969581080026,4.12,2.86562834297746,0.62,3.8622,-0.05999999999999961,,,,5.33,-0.48,0.0,-0.08999999999999997
2023-12-07,26.397117614746094,-0.013113686342722586,0.0006818381314830368,0.039618223260428076,1.076669692993164,1.2558711767196655,0.006794216576963663,13.0600004196167,0.0076303821946979156,4.14,2.86562834297746,0.62,3.8622,0.019999999999999574,,,,5.33,-0.44,0.0,0.03999999999999998
2023-12-08,26.496049880981445,-0.009081754551380938,0.009249689376374048,0.046822602346684006,1.079214334487915,1.258954405784607,0.0069310637190938,12.350000381469727,0.004299106166055555,4.23,2.86562834297746,0.62,3.8622,0.09000000000000075,,,,5.33,-0.48,0.0,-0.03999999999999998
2023-12-11,26.532026290893555,-0.012056310651754498,0.008891977282561303,0.05157767384786949,1.0765769481658936,1.2554770708084106,0.00689736008644104,12.630000114440918,0.0038896112039199515,4.23,2.86562834297746,0.62,3.8622,0.0,,,,5.33,-0.48,0.0,0.0
2023-12-12,26.46007537841797,-0.014075087840041522,0.0054681895397445945,0.04650717189370823,1.076658010482788,1.2554612159729004,0.00684532942250371,12.069999694824219,0.00456711364198803,4.2,2.86562834297746,0.62,3.8622,-0.03000000000000025,,,,5.33,-0.53,0.0,-0.050000000000000044
2023-12-13,26.235227584838867,-0.021140935895789026,-0.009171214419457674,0.036883157413870826,1.0798670053482056,1.2570710182189941,0.006883259862661362,12.1899995803833,0.013790228178020003,4.04,2.86562834297746,0.62,3.8622,-0.16000000000000014,,,,5.33,-0.42,0.0,0.11000000000000004
2023-12-14,25.99239158630371,-0.014660821320666262,-0.01767507406633173,0.03641535256187223,1.0886130332946777,1.2622915506362915,0.007004125509411097,12.479999542236328,0.003209296845171794,3.92,2.86562834297746,0.62,3.8622,-0.1200000000000001,,,,5.33,-0.45,0.0,-0.030000000000000027
2023-12-15,26.16327667236328,-0.011888592608728432,-0.009533527863100022,0.04807280668531022,1.0993602275848389,1.2771391868591309,0.007028443738818169,12.279999732971191,-0.001646370552540799,3.91,2.86562834297746,0.62,3.8622,-0.009999999999999787,,,,5.33,-0.53,0.0,-0.08000000000000002
2023-12-18,26.159448623657227,-0.012703827885145569,-0.010352378754666658,0.03827827805094075,1.0895264148712158,1.2672343254089355,0.007026764564216137,12.5600004196167,0.005624990215469694,3.95,2.86562834297746,0.62,3.8622,0.040000000000000036,,,,5.33,-0.48,0.0,0.050000000000000044
2023-12-19,26.04463005065918,-0.011669561233385806,-0.016369532890879612,0.0318953910129971,1.092382788658142,1.2651821374893188,0.007006628438830376,12.529999732971191,0.0060808541966526075,3.93,2.86562834297746,0.62,3.8622,-0.020000000000000018,,,,5.33,-0.48,0.0,0.0
2023-12-20,26.159448623657227,-0.004253911283094602,-0.012703827885145569,0.03618613036251328,1.0981045961380005,1.2732689380645752,0.006949800997972488,13.670000076293945,-0.013857218089185608,3.86,2.86562834297746,0.62,3.8622,-0.07000000000000028,,,,5.33,-0.48,0.0,0.0
2023-12-21,25.987220764160156,-0.011824492657360963,-0.021528995150299046,0.0363791869609984,1.0945708751678467,1.2641266584396362,0.006967524532228708,13.649999618530273,0.009481945360949373,3.89,2.86562834297746,0.62,3.8622,0.03000000000000025,,,,5.33,-0.44,0.0,0.03999999999999998
2023-12-22,25.97765350341797,-0.015555139701352583,-0.02551916121123554,0.03340291847885091,1.100618600845337,1.268499493598938,0.00703878328204155,13.029999732971191,0.0020095890472051625,3.9,2.86562834297746,0.62,3.8622,0.009999999999999787,,,,5.33,-0.41,0.0,0.030000000000000027
2023-12-26,25.920244216918945,-0.013359105197544574,-0.030616147070838817,0.02964564335762576,1.1020255088806152,1.27048659324646,0.007030865643173456,12.989999771118164,0.004222597444946574,3.89,2.86562834297746,0.62,3.8622,0.009999999999999787,,,,5.33,-0.37,0.0,0.030000000000000027
2023-12-27,25.786291122436523,-0.016437590975996064,-0.04014584988327563,0.02469060382912036,1.1043012142181396,1.272718071937561,0.007019464857876301,12.430000305175781,0.0018081088215453622,3.79,2.86562834297746,0.62,3.8622,-0.10000000000000009,,,,5.33,-0.41,0.0,-0.03999999999999998
2023-12-28,25.872404098510742,-0.009755931970772846,-0.03175393231109924,0.028480168310376364,1.110864281654358,1.2800819873809814,0.007072185631841421,12.470000267028809,0.0003776766490628525,3.84,2.86562834297746,0.62,3.8622,0.04999999999999982,,,,5.33,-0.42,0.0,-0.010000000000000009
2023-12-29,25.920244216918945,-0.00894841208056052,-0.030616147070838817,0.026711148983905586,1.1068191528320312,1.2733986377716064,0.007070635911077261,12.449999809265137,-0.002894948106463402,3.88,2.86562834297746,0.62,3.8622,0.040000000000000036,,,,5.33,-0.35,0.0,0.07
2024-01-02,26.14031219482422,-0.007700015928870374,-0.02989092561078943,0.04173712902745219,1.1038745641708374,1.2728800773620605,0.007085866294801235,13.199999809265137,-0.005596291002696874,3.95,2.90361718054564,0.73,3.9319,0.040000000000000036,,,,5.33,-0.38,0.0,0.07
2024-01-03,26.22642707824707,-0.0013625573227669108,-0.02766867986986088,0.048551414986104824,1.0941756963729858,1.2623074054718018,0.00703457510098815,14.039999961853027,-0.008166782906460113,3.91,2.90361718054564,0.73,3.9319,-0.040000000000000036,,,,5.33,-0.42,0.0,-0.03999999999999998
2024-01-04,26.22642707824707,-0.005788827427853471,-0.024741970002352676,0.037360892880813124,1.0927767753601074,1.2674272060394287,0.006993056274950504,14.130000114440918,-0.003221091027118428,3.99,2.90361718054564,0.73,3.9319,0.08000000000000007,,,,5.33,-0.39,0.0,0.02999999999999997
2024-01-05,26.22642707824707,-0.009503584139927801,-0.02146929041904344,0.04106443231510637,1.0947387218475342,1.2684078216552734,0.0069077471271157265,13.350000381469727,0.001369706964978068,4.05,2.90361718054564,0.73,3.9319,0.05999999999999961,,,,5.33,-0.35,0.0,0.040000000000000036
2024-01-08,26.178586959838867,-0.013655630748640069,-0.021283703826829536,0.02960819940603554,1.0942236185073853,1.271779179573059,0.006910085678100586,13.079999923706055,0.014275953985142475,4.01,2.90361718054564,0.73,3.9319,-0.040000000000000036,,,,5.33,-0.35,0.0,0.0
2024-01-09,26.264699935913086,-0.00501636886138801,-0.017733945450837507,0.0466941979148614,1.095170259475708,1.274518609046936,0.006933370605111122,12.760000228881836,-0.0015170476465576899,4.02,2.90361718054564,0.73,3.9319,0.009999999999999787,,,,5.33,-0.34,0.0,0.009999999999999953
2024-01-10,26.21685791015625,-0.01053711674303559,-0.017209155898714634,0.051192825951641874,1.0932426452636719,1.2712942361831665,0.0069238655269145966,12.6899995803833,0.005655375193860834,4.04,2.90361718054564,0.73,3.9319,0.020000000000000462,,,,5.33,-0.33,0.0,0.010000000000000009
2024-01-11,26.235994338989258,-0.011157532736423614,-0.016491788962130327,0.05120193549550689,1.0975141525268555,1.274518609046936,0.006861817091703415,12.4399995803833,-0.00044073918499221154,3.98,2.90361718054564,0.73,3.9319,-0.06000000000000005,,,,5.33,-0.28,0.0,0.04999999999999999
2024-01-12,26.264699935913086,-0.007383782536925065,-0.023645264941518418,0.0523520874072656,1.0981649160385132,1.2777756452560425,0.006894364487379789,12.699999809265137,0.0006928025591457221,3.96,2.90361718054564,0.73,3.9319,-0.020000000000000018,,,,5.33,-0.18,0.0,0.10000000000000003
2024-01-16,26.49433708190918,0.009876396011142319,-0.015767028082815604,0.07198304233096797,1.0945708751678467,1.2716174125671387,0.006858992390334606,13.84000015258789,-0.0036712300578318757,4.07,2.90361718054564,0.73,3.9319,-0.020000000000000018,,,,5.33,-0.15,0.0,0.10000000000000003
2024-01-17,26.513471603393555,0.02004740561712759,-0.010759410570183259,0.07314781053665742,1.087878942489624,1.26385498046875,0.006791356019675732,14.789999961853027,-0.005558600003590208,4.1,2.90361718054564,0.73,3.9319,0.02999999999999936,,,,5.33,-0.24,0.0,-0.09
2024-01-18,26.542177200317383,0.014482151173149438,-0.010020559737063062,0.07119010816785876,1.0885775089263916,1.2676842212677002,0.006751373875886202,14.130000114440918,0.008892771388741894,4.14,2.90361718054564,0.73,3.9319,0.040000000000000036,,,,5.33,-0.2,0.0,0.03999999999999998
2024-01-19,26.503904342651367,0.01316754507901341,-0.015082500086827322,0.06964549085053262,1.0879143476486206,1.2709871530532837,0.006750917993485928,13.300000190734863,0.012466195543228142,4.15,2.90361718054564,0.73,3.9319,0.010000000000000675,,,,5.33,-0.24,0.0,-0.03999999999999998
2024-01-22,26.513471603393555,0.01800146716702966,-0.011754275246514068,0.07275724107732473,1.089229702949524,1.2699863910675049,0.006751236971467733,13.1899995803833,0.0021143551101241442,4.11,2.90361718054564,0.73,3.9319,-0.040000000000000036,,,,5.33,-0.26,0.0,-0.020000000000000018
2024-01-23,26.5804500579834,0.016093666207682933,-0.009589824904107758,0.07703493269831507,1.088020920753479,1.2706964015960693,0.006750280037522316,12.550000190734863,0.0029164145421731735,4.14,2.90361718054564,0.73,3.9319,0.02999999999999936,,,,5.33,-0.17,0.0,0.09
2024-01-24,26.503904342651367,0.019882217616890685,-0.007452634339846442,0.07237014170414624,1.0857881307601929,1.269196629524231,0.006745316553860903,13.140000343322754,0.0010931206991062759,4.18,2.90361718054564,0.73,3.9319,0.040000000000000036,,,,5.33,-0.16,0.0,0.010000000000000009
2024-01-25,26.5804500579834,0.023204426623294472,-0.01025320844665456,0.07664260334723272,1.088174819946289,1.271876335144043,0.006775480695068836,13.449999809265137,0.005438877599099223,4.14,2.90361718054564,0.73,3.9319,-0.040000000000000036,,,,5.33,-0.14,0.0,0.01999999999999999
2024-01-26,26.5804500579834,0.025470664378753005,-0.012897809667315241,0.08018414226937387,1.0847046375274658,1.270825743675232,0.006769426167011261,13.260000228881836,-0.001270305868207089,4.15,2.90361718054564,0.73,3.9319,0.010000000000000675,,,,5.33,-0.19,0.0,-0.04999999999999999
2024-01-29,26.5804500579834,0.030797718515474415,-0.015200226020832042,0.07742763138362885,1.0843517780303955,1.2697607278823853,0.006750371307134628,13.600000381469727,0.007919281414227708,4.08,2.90361718054564,0.73,3.9319,-0.07000000000000028,,,,5.33,-0.21,0.0,-0.01999999999999999
2024-01-30,26.56131362915039,0.026627194288423528,-0.014595833144342096,0.07508424368130884,1.0834470987319946,1.2713264226913452,0.006781131960451603,13.3100004196167,-0.0007734255133362566,4.06,2.90361718054564,0.73,3.9319,-0.020000000000000462,,,,5.33,-0.3,0.0,-0.09
2024-01-31,26.6282901763916,0.027316330569543412,-0.008139696719035139,0.07388576863149554,1.08433997631073,1.269551157951355,0.0067856875248253345,14.350000381469727,-0.01631728321560555,3.99,2.90361718054564,0.73,3.9319,-0.0699999999999994,,,,5.33,-0.28,0.0,0.019999999999999962
2024-02-01,26.49433708190918,0.013543253976708636,-0.019044528591827592,0.07081404733049701,1.0803920030593872,1.2678449153900146,0.006802906282246113,13.880000114440918,0.01308815665571661,3.87,3.02476564147219,0.71,4.123,-0.1200000000000001,,,,5.33,-0.33,0.0,-0.04999999999999999
2024-02-02,26.73354148864746,0.01933600825180659,-0.010517431806653765,0.0907910597636834,1.0874648094177246,1.27472984790802,0.006828222423791885,13.850000381469727,0.010527377118547676,4.03,3.02476564147219,0.71,4.123,0.16000000000000014,,,,5.33,-0.33,0.0,0.0
2024-02-05,26.877063751220703,0.02480843734575222,-0.000212922607208621,0.08945074567414979,1.0780043601989746,1.2621959447860718,0.006733960937708616,13.670000076293945,-0.0036411612708775465,4.17,3.02476564147219,0.71,4.123,0.13999999999999968,,,,5.33,-0.29,0.0,0.040000000000000036
2024-02-06,26.800518035888672,0.02188978910199202,0.006366934141834646,0.0722750628029063,1.0741831064224243,1.2534469366073608,0.006727664265781641,13.0600004196167,0.0029032565870552585,4.09,3.02476564147219,0.71,4.123,-0.08000000000000007,,,,5.33,-0.3,0.0,-0.010000000000000009
2024-02-07,26.771814346313477,0.022660787130516002,0.004271617398394545,0.064994999444973,1.075719952583313,1.2606525421142578,0.006765076424926519,12.829999923706055,0.008340382289173665,4.09,3.02476564147219,0.71,4.123,0.0,,,,5.33,-0.32,0.0,-0.020000000000000018
2024-02-08,26.800518035888672,0.020400693755611377,0.0019678979559660803,0.06804748570229768,1.077574610710144,1.2627378702163696,0.006752832792699337,12.789999961853027,0.0004417211852392189,4.15,3.02476564147219,0.71,4.123,0.0600000000000005,,,,5.33,-0.31,0.0,0.010000000000000009
2024-02-09,26.781381607055664,0.021532851069872905,0.0015892856467747407,0.06613849577216757,1.0777255296707153,1.2620525360107422,0.006699763238430023,12.930000305175781,0.005779469724414232,4.17,3.02476564147219,0.71,4.123,0.019999999999999574,,,,5.33,-0.31,0.0,0.0
2024-02-12,26.810087203979492,0.021881879435271756,-0.0017024642728238337,0.06881196942281664,1.0798202753067017,1.2637271881103516,0.006703895516693592,13.930000305175781,-0.00043898902997530076,4.17,3.02476564147219,0.71,4.123,0.0,,,,5.33,-0.29,0.0,0.020000000000000018
2024-02-13,27.020586013793945,0.028779543635573557,0.006810015132814096,0.07373877332053524,1.0772264003753662,1.2627538442611694,0.006693216506391764,15.850000381469727,-0.013773118309779342,4.31,3.02476564147219,0.71,4.123,0.13999999999999968,,,,5.33,-0.33,0.0,-0.040000000000000036
2024-02-14,26.972745895385742,0.01805702146830579,0.006376511051720213,0.07491106692328042,1.0708931684494019,1.2590652704238892,0.00663464330136776,14.380000114440918,0.009087705573172844,4.27,3.02476564147219,0.71,4.123,-0.040000000000000036,,,,5.33,-0.29,0.0,0.040000000000000036
2024-02-15,26.867496490478516,0.013352641720431935,0.018513315221360127,0.07148488178779977,1.0732147693634033,1.2568340301513672,0.006642575841397047,14.010000228881836,0.0068997006999875765,4.24,3.02476564147219,0.71,4.123,-0.02999999999999936,,,,5.33,-0.32,0.0,-0.030000000000000027
2024-02-16,26.877063751220703,0.012617146979913674,0.015069084134128996,0.06461115004917217,1.0773887634277344,1.259921908378601,0.006669067777693272,14.239999771118164,-0.0049799241231467395,4.3,3.02476564147219,0.71,4.123,0.05999999999999961,,,,5.33,-0.34,0.0,-0.020000000000000018
2024-02-20,26.838790893554688,0.01263536672083454,0.012935551303413728,0.061582349822704385,1.0775396823883057,1.2587641477584839,0.006654688157141209,15.420000076293945,-0.005505338880938404,4.27,3.02476564147219,0.71,4.123,0.05999999999999961,,,,5.33,-0.32,0.0,-0.020000000000000018
2024-02-21,26.810087203979492,0.01118735430134965,0.01737767816784963,0.061202054848299214,1.0813149213790894,1.2627378702163696,0.0066693793050944805,15.34000015258789,0.0009057960273910481,4.32,3.02476564147219,0.71,4.123,0.05000000000000071,,,,5.33,-0.32,0.0,0.0
2024-02-22,26.810087203979492,0.00863932497362363,0.02051231490327532,0.057812802552319686,1.0820403099060059,1.2638070583343506,0.006650926545262337,14.539999961853027,0.020695425093507636,4.33,3.02476564147219,0.71,4.123,0.009999999999999787,,,,5.33,-0.36,0.0,-0.03999999999999998
2024-02-23,26.8292236328125,0.01227439119743634,0.02019303701483821,0.05519784847134335,1.0825674533843994,1.266367793083191,0.006645268760621548,13.75,0.0006897414535529389,4.26,3.02476564147219,0.71,4.123,-0.07000000000000028,,,,5.33,-0.41,0.0,-0.04999999999999999
2024-02-26,26.781381607055664,0.007559373473133402,0.014902807572430454,0.052943706273909985,1.0820051431655884,1.2672665119171143,0.006644606590270996,13.739999771118164,-0.0036626148046726703,4.28,3.02476564147219,0.71,4.123,0.020000000000000462,,,,5.33,-0.41,0.0,0.0
2024-02-27,26.800518035888672,0.008279317220935223,0.02014806939352498,0.045929305037721635,1.0850930213928223,1.268455982208252,0.006641605868935585,13.430000305175781,0.0018578296503410918,4.31,3.02476564147219,0.71,4.123,0.02999999999999936,,,,5.33,-0.39,0.0,0.019999999999999962
2024-02-28,26.819656372070312,0.008999332726312037,0.022977895706660423,0.05221605398251561,1.084481120109558,1.268166422843933,0.006644739303737879,13.84000015258789,-0.0013216510737199538,4.27,3.02476564147219,0.71,4.123,-0.040000000000000036,,,,5.33,-0.37,0.0,0.020000000000000018
2024-02-29,26.877063751220703,0.01188759435918052,0.02869655422634887,0.05150016864211748,1.0838816165924072,1.2663036584854126,0.006637637969106436,13.399999618530273,0.0035949992608652614,4.25,3.02476564147219,0.71,4.123,-0.019999999999999574,,,,5.33,-0.39,0.0,-0.020000000000000018
2024-03-01,26.8292236328125,0.007545864007409753,0.025806102034680034,0.05519784847134335,1.0804970264434814,1.2625465393066406,0.00666244700551033,13.109999656677246,0.009388165391919667,4.19,2.9528563917276096,0.725,4.033,-0.05999999999999961,,,,5.33,-0.35,0.0,0.040000000000000036
2024-03-04,26.8292236328125,0.012639929425974916,0.018451424185817578,0.04962853961895841,1.084269404411316,1.26603102684021,0.006662003230303526,13.489999771118164,-0.0010723911802535957,4.22,2.9528563917276096,0.725,4.033,0.02999999999999936,,,,5.33,-0.39,0.0,-0.040000000000000036
2024-03-05,26.800518035888672,0.002505337621266923,0.02049740568679037,0.0525794965440487,1.0855170488357544,1.269196629524231,0.006646019406616688,14.460000038146973,-0.00999417176594286,4.13,2.9528563917276096,0.725,4.033,-0.08999999999999986,,,,5.33,-0.41,0.0,-0.019999999999999962
2024-03-06,26.704835891723633,-0.006407986418875411,0.012347054596651974,0.050305657829916806,1.0855995416641235,1.27048659324646,0.006664489861577749,14.5,0.005067306128885951,4.11,2.9528563917276096,0.725,4.033,-0.019999999999999574,,,,5.33,-0.44,0.0,-0.030000000000000027
2024-03-07,26.57088279724121,-0.008568313431104424,0.003505513670775784,0.03225719684139916,1.089953899383545,1.2735446691513062,0.006699314806610346,14.4399995803833,0.009926422895233822,4.09,2.9528563917276096,0.725,4.033,-0.020000000000000462,,,,5.33,-0.41,0.0,0.030000000000000027
2024-03-08,26.5804500579834,-0.007147976071200768,0.0014855762490046942,0.032989856088833536,1.0950144529342651,1.2815583944320679,0.0067627886310219765,14.739999771118164,-0.006002278495557012,4.09,2.9528563917276096,0.725,4.033,0.0,,,,5.33,-0.39,0.0,0.019999999999999962
2024-03-11,26.609153747558594,-0.007140320499544828,0.00803254870122827,0.03700504644678548,1.0942955017089844,1.2855123281478882,0.006813195534050465,15.220000267028809,-0.0008597468245226114,4.1,2.9528563917276096,0.725,4.033,0.009999999999999787,,,,5.33,-0.41,0.0,-0.019999999999999962
2024-03-12,26.6282901763916,-0.005716338048210701,0.004990943782343882,0.04433970796115205,1.093135118484497,1.2819806337356567,0.006815146189182997,13.84000015258789,0.010757386490317433,4.16,2.9528563917276096,0.725,4.033,0.0600000000000005,,,,5.33,-0.42,0.0,-0.010000000000000009
2024-03-13,26.599586486816406,-0.007851549141244196,0.0025463639746972078,0.05286997476586852,1.0927767753601074,1.2795906066894531,0.006774195469915867,13.75,-0.001567437987574749,4.19,2.9528563917276096,0.725,4.033,0.03000000000000025,,,,5.33,-0.42,0.0,0.0
2024-03-14,26.74311065673828,-0.010269035501821233,0.010696692064270152,0.05855097620695604,1.0955302715301514,1.2802129983901978,0.006774103734642267,14.399999618530273,-0.001976853848006277,4.29,2.9528563917276096,0.725,4.033,0.09999999999999964,,,,5.33,-0.39,0.0,0.02999999999999997
2024-03-15,26.771814346313477,-0.007449428762336008,0.020452910489890286,0.04848930463507406,1.0883406400680542,1.2745835781097412,0.006743269972503185,14.40999984741211,-0.0068666797790828404,4.31,2.9528563917276096,0.725,4.033,0.019999999999999574,,,,5.33,-0.41,0.0,-0.019999999999999962
2024-03-18,26.8292236328125,-0.0014245040537952391,0.03219526928602234,0.051849162049606656,1.0882576704025269,1.2731393575668335,0.006713436916470528,14.329999923706055,0.005943142868331641,4.34,2.9528563917276096,0.725,4.033,0.03000000000000025,,,,5.33,-0.39,0.0,0.019999999999999962
2024-03-19,26.89620018005371,0.0007119984909862431,0.028013444832184486,0.06045780903997788,1.087393879890442,1.272718071937561,0.0067049297504127026,13.819999694824219,0.0055571849742859225,4.3,2.9528563917276096,0.725,4.033,-0.040000000000000036,,,,5.33,-0.38,0.0,0.010000000000000009
2024-03-20,26.771814346313477,-0.0024955128383706837,0.023408969029357074,0.06157673116157003,1.0863306522369385,1.2719409465789795,0.006620981730520725,13.039999961853027,0.009249323251676156,4.27,2.9528563917276096,0.725,4.033,-0.03000000000000025,,,,5.33,-0.32,0.0,0.06
2024-03-21,26.953609466552734,0.005353293388465241,0.034900838066254325,0.06916659964572092,1.0937210321426392,1.2798361778259277,0.006633059587329626,12.920000076293945,0.0033046038097594987,4.27,2.9528563917276096,0.725,4.033,0.0,,,,5.33,-0.35,0.0,-0.02999999999999997
2024-03-22,27.097131729125977,0.010706586776930704,0.03584491091378572,0.08297334466514061,1.0862362384796143,1.2661913633346558,0.006594870705157518,13.0600004196167,-0.001895788451977909,4.22,2.9528563917276096,0.725,4.033,-0.04999999999999982,,,,5.33,-0.37,0.0,-0.020000000000000018
2024-03-25,27.030155181884766,0.007489279295675333,0.040132587751090076,0.07874554943565171,1.0807539224624634,1.25979483127594,0.006609167438000441,13.1899995803833,-0.002762748061474918,4.25,2.9528563917276096,0.725,4.033,0.03000000000000025,,,,5.33,-0.29,0.0,0.08000000000000002
2024-03-26,27.049291610717773,0.01000359158436881,0.04125230583889361,0.07296201535250013,1.0838228464126587,1.2637910842895508,0.006606197915971279,13.239999771118164,-0.001847093218508844,4.24,2.9528563917276096,0.725,4.033,-0.009999999999999787,,,,5.33,-0.32,0.0,-0.030000000000000027
2024-03-27,27.06842803955078,0.009996448699362892,0.04429679801714137,0.07717987212122268,1.0832358598709106,1.2628495693206787,0.006599353160709143,12.779999732971191,0.00840402813844654,4.2,2.9528563917276096,0.725,4.033,-0.040000000000000036,,,,5.33,-0.34,0.0,-0.020000000000000018
2024-03-28,27.144973754882812,0.012129811743273544,0.05269011452616801,0.08410610963852139,1.0813382863998413,1.261670470237732,0.006609953008592129,13.010000228881836,-0.00019116496496762725,4.2,2.9528563917276096,0.725,4.033,0.0,,,,5.33,-0.39,0.0,-0.04999999999999999
2024-04-01,27.25022315979004,0.013883935091398847,0.053254388576846834,0.08557995695509546,1.0792726278305054,1.2637271881103516,0.006605107337236404,13.649999618530273,-0.0017399574298924136,4.33,3.0736716623470097,0.87,4.2172,0.0,,,,5.33,-0.39,0.0,-0.04999999999999999
2024-04-02,27.211952209472656,0.014265361603385207,0.04983394376008898,0.08912829810582568,1.0737217664718628,1.2545477151870728,0.006597133353352547,14.609999656677246,-0.006357936595122515,4.36,3.0736716623470097,0.87,4.2172,0.03000000000000025,,,,5.33,-0.34,0.0,0.04999999999999999
2024-04-03,27.08756446838379,0.009629083536183192,0.03623722113568051,0.08026126746164453,1.076855182647705,1.2576876878738403,0.006598918233066797,14.329999923706055,0.0010984241663800631,4.36,3.0736716623470097,0.87,4.2172,0.0,,,,5.33,-0.32,0.0,0.020000000000000018
2024-04-04,27.08756446838379,0.010710480749317242,0.03283472001609278,0.08532193707285796,1.0838346481323242,1.2651821374893188,0.006597133353352547,16.350000381469727,-0.012206084852630528,4.31,3.0736716623470097,0.87,4.2172,-0.05000000000000071,,,,5.33,-0.34,0.0,-0.020000000000000018
2024-04-05,27.116270065307617,0.015406729150187148,0.033929249470607825,0.09079593372667794,1.0837054252624512,1.26401948928833,0.006609734613448381,16.030000686645508,0.010446787236591648,4.39,3.0736716623470097,0.87,4.2172,0.08000000000000007,,,,5.33,-0.34,0.0,0.0
2024-04-08,27.07799530029297,0.019085271156455974,0.032469852622518,0.08611268753420709,1.0830481052398682,1.2625305652618408,0.006592392455786467,15.1899995803833,0.000559423350416477,4.42,3.0736716623470097,0.87,4.2172,0.03000000000000025,,,,5.33,-0.36,0.0,-0.019999999999999962
2024-04-09,27.06842803955078,0.01835852969016294,0.033991180695774004,0.08494613322887257,1.0863661766052246,1.2658709287643433,0.006585749797523022,14.979999542236328,0.001156829800164516,4.36,3.0736716623470097,0.87,4.2172,-0.05999999999999961,,,,5.33,-0.38,0.0,-0.020000000000000018
2024-04-10,27.3554744720459,0.028047518217514833,0.04153005893059292,0.0901634696365754,1.0859296321868896,1.2677645683288574,0.006588614080101252,15.800000190734863,-0.010013202234619878,4.55,3.0736716623470097,0.87,4.2172,0.1899999999999995,,,,5.33,-0.42,0.0,-0.03999999999999998
2024-04-11,27.374610900878906,0.02802736186001864,0.04416063109813595,0.09485028613589974,1.074171543121338,1.2537612915039062,0.006537485867738724,14.90999984741211,0.007546936386148673,4.56,3.0736716623470097,0.87,4.2172,0.009999999999999787,,,,5.33,-0.37,0.0,0.04999999999999999
2024-04-12,27.59467887878418,0.03741006998213958,0.05178704196378736,0.10963927647595795,1.0726851224899292,1.2554770708084106,0.0065277558751404285,17.309999465942383,-0.01380316404547477,4.5,3.0736716623470097,0.87,4.2172,-0.05999999999999961,,,,5.33,-0.38,0.0,-0.010000000000000009
2024-04-15,27.642518997192383,0.03363140331723091,0.05245896829741925,0.11681385527712829,1.0649627447128296,1.2461835145950317,0.0065238806419074535,19.229999542236328,-0.01252810412533445,4.63,3.0736716623470097,0.87,4.2172,0.1299999999999999,,,,5.33,-0.3,0.0,0.08000000000000002
2024-04-16,27.68079376220703,0.03395285071587706,0.044781519787788326,0.11189566894400582,1.0625749826431274,1.2447409629821777,0.006484832148998976,18.399999618530273,-0.0018237873878559352,4.67,3.0736716623470097,0.87,4.2172,0.040000000000000036,,,,5.33,-0.3,0.0,0.0
2024-04-17,27.59467887878418,0.028530652114566513,0.04077954375662518,0.10285848624323535,1.0621461868286133,1.2431007623672485,0.006464207544922829,18.209999084472656,-0.0059182522306535645,4.59,3.0736716623470097,0.87,4.2172,-0.08000000000000007,,,,5.33,-0.34,0.0,-0.040000000000000036
2024-04-18,27.652088165283203,0.02810389498030519,0.04181687721354477,0.10913985544578475,1.0669398307800293,1.2453765869140625,0.0064791180193424225,18.0,-0.002057621045539415,4.64,3.0736716623470097,0.87,4.2172,0.04999999999999982,,,,5.33,-0.34,0.0,0.0
2024-04-19,27.652088165283203,0.032880618682870066,0.04332130873201656,0.10674425306550894,1.0644185543060303,1.2437657117843628,0.006467886734753847,18.709999084472656,-0.00872844238874737,4.62,3.0736716623470097,0.87,4.2172,-0.019999999999999574,,,,5.33,-0.35,0.0,-0.009999999999999953
2024-04-22,27.66165542602539,0.026269059079129464,0.04330567644279659,0.10712717209790545,1.065825343132019,1.2375777959823608,0.00646663224324584,16.940000534057617,0.009209131560743211,4.62,3.0736716623470097,0.87,4.2172,0.0,,,,5.33,-0.35,0.0,0.0
2024-04-23,27.546838760375977,0.016596111933375735,0.036357123385212464,0.10372375628456765,1.065405249595642,1.2350252866744995,0.006459405645728111,15.6899995803833,0.011866634201315618,4.61,3.0736716623470097,0.87,4.2172,-0.009999999999999787,,,,5.33,-0.25,0.0,0.09999999999999998
2024-04-24,27.575542449951172,0.02017699359831715,0.04043321668556099,0.10846881687123688,1.0704345703125,1.2453300952911377,0.00646228576079011,15.970000267028809,-0.0004746069975958278,4.65,3.0736716623470097,0.87,4.2172,0.040000000000000036,,,,5.33,-0.24,0.0,0.010000000000000009
2024-04-25,27.51813316345215,0.017332858822395325,0.035277171884722014,0.10098647819219209,1.0699878931045532,1.2459505796432495,0.00644085044041276,15.369999885559082,-0.003798903452181035,4.7,3.0736716623470097,0.87,4.2172,0.04999999999999982,,,,5.33,-0.26,0.0,-0.020000000000000018
2024-04-26,27.642518997192383,0.021208876880577376,0.039956770366647465,0.10955650939100203,1.072961449623108,1.2509069442749023,0.0064268591813743114,15.029999732971191,0.009473933363026488,4.67,3.0736716623470097,0.87,4.2172,-0.03000000000000025,,,,5.33,-0.29,0.0,-0.02999999999999997
2024-04-29,27.556406021118164,0.015156848923508104,0.03671705938032588,0.1057008424759538,1.0706866979599,1.2510477304458618,0.006320153828710318,14.670000076293945,0.003541486119242432,4.63,3.0736716623470097,0.87,4.2172,-0.040000000000000036,,,,5.33,-0.34,0.0,-0.050000000000000044
2024-04-30,27.728633880615234,0.017556212953555805,0.04394813704483869,0.11100777151150898,1.0715701580047607,1.2559815645217896,0.006397380027920008,15.649999618530273,-0.015841273875022543,4.69,3.0736716623470097,0.87,4.2172,0.0600000000000005,,,,5.33,-0.35,0.0,-0.009999999999999953
2024-05-01,27.69993019104004,0.017932487085491555,0.04024441702977022,0.10428648422917264,1.0666552782058716,1.2490164041519165,0.006340269464999437,15.390000343322754,-0.0032471668329314696,4.63,3.1213860530707698,1.07,4.2229,-0.0600000000000005,,,,5.33,-0.33,0.0,0.019999999999999962
2024-05-02,27.48942756652832,0.014835704354800194,0.0375586104133403,0.0986519758714528,1.0721560716629028,1.2539342641830444,0.006422442849725485,14.680000305175781,0.009353455448491088,4.58,3.1213860530707698,1.07,4.2229,-0.04999999999999982,,,,5.33,-0.29,0.0,0.040000000000000036
2024-05-03,27.41288185119629,0.012009842494042022,0.025411536396601653,0.1015319709375877,1.073306918144226,1.2540600299835205,0.006534026004374027,13.489999771118164,0.012395258629526174,4.5,3.1213860530707698,1.07,4.2229,-0.08000000000000007,,,,5.33,-0.31,0.0,-0.020000000000000018
2024-05-06,27.441587448120117,0.01199712873595793,0.02100392000126039,0.10149122025299717,1.0758124589920044,1.2541072368621826,0.006511858198791742,13.489999771118164,0.01032690148103832,4.49,3.1213860530707698,1.07,4.2229,-0.009999999999999787,,,,5.33,-0.33,0.0,-0.020000000000000018
2024-05-07,27.51813316345215,0.01625444787467023,0.026776166289118608,0.1061611051009792,1.0767507553100586,1.2559815645217896,0.006483528763055801,13.229999542236328,0.0011034306324262388,4.47,3.1213860530707698,1.07,4.2229,-0.020000000000000462,,,,5.33,-0.35,0.0,-0.019999999999999962
2024-05-08,27.556406021118164,0.018027570010876737,0.029306630647269793,0.1060999787775696,1.0750491619110107,1.25014066696167,0.0064621190540492535,13.0,9.657748170521785e-05,4.48,3.1213860530707698,1.07,4.2229,0.010000000000000675,,,,5.33,-0.36,0.0,-0.010000000000000009
2024-05-09,27.460723876953125,0.003847471372312672,0.024634070139255115,0.09868956190856726,1.0746910572052002,1.2493284940719604,0.006434219423681498,12.6899995803833,0.005761880019444998,4.45,3.1213860530707698,1.07,4.2229,-0.03000000000000025,,,,5.33,-0.35,0.0,0.010000000000000009
2024-05-10,27.49899673461914,0.004543839333118749,0.02679529899138644,0.10220401906255505,1.078515887260437,1.2525677680969238,0.006435461807996035,12.550000190734863,0.0012881210757760275,4.5,3.1213860530707698,1.07,4.2229,0.04999999999999982,,,,5.33,-0.37,0.0,-0.020000000000000018
2024-05-13,27.48942756652832,-0.003814188696241061,0.025338983695957218,0.0947169742243128,1.077040672302246,1.2522854804992676,0.0064177438616752625,13.600000381469727,0.00013434291479974547,4.48,3.1213860530707698,1.07,4.2229,-0.019999999999999574,,,,5.33,-0.37,0.0,0.0
2024-05-14,27.43202018737793,-0.007615037176453954,0.015226693209908548,0.08543306444820598,1.079354166984558,1.2561867237091064,0.006400696467608213,13.420000076293945,0.004588048646487097,4.45,3.1213860530707698,1.07,4.2229,-0.03000000000000025,,,,5.33,-0.36,0.0,0.010000000000000009
2024-05-15,27.25979232788086,-0.015209153246933615,0.010642091598995318,0.08169788636481456,1.0814552307128906,1.2585265636444092,0.006389858201146126,12.449999809265137,0.012383187091416836,4.36,3.1213860530707698,1.07,4.2229,-0.08999999999999986,,,,5.33,-0.37,0.0,-0.010000000000000009
2024-05-16,27.32676887512207,-0.009708755982954731,0.017093977654610182,0.08165344864449597,1.0889805555343628,1.2690032720565796,0.006481637712568045,12.420000076293945,-0.00205767678770008,4.38,3.1213860530707698,1.07,4.2229,0.019999999999999574,,,,5.33,-0.4,0.0,-0.030000000000000027
2024-05-17,27.32676887512207,-0.011764727792585528,0.016731929055343375,0.07973153324532456,1.0867793560028076,1.2672007083892822,0.0064358762465417385,11.989999771118164,0.0014375914497448683,4.42,3.1213860530707698,1.07,4.2229,0.040000000000000036,,,,5.33,-0.41,0.0,-0.009999999999999953
2024-05-20,27.365041732788086,-0.0103806421699284,0.01960784453072284,0.07323449993428421,1.0875475406646729,1.2706480026245117,0.006420380901545286,12.149999618530273,0.0011521814686397125,4.44,3.1213860530707698,1.07,4.2229,0.020000000000000462,,,,5.33,-0.38,0.0,0.02999999999999997
2024-05-21,27.365041732788086,-0.010722919097540196,0.02069946750215057,0.07627166387518369,1.086082935333252,1.2710840702056885,0.006395088974386454,11.859999656677246,0.0024526084036122775,4.41,3.1213860530707698,1.07,4.2229,-0.03000000000000025,,,,5.33,-0.41,0.0,-0.02999999999999997
2024-05-22,27.451156616210938,-0.0034734346469791344,0.023911500449587786,0.07889528076006802,1.0855170488357544,1.2711325883865356,0.006399958860129118,12.289999961853027,-0.0028793475216113418,4.43,3.1213860530707698,1.07,4.2229,0.019999999999999574,,,,5.33,-0.43,0.0,-0.020000000000000018
2024-05-23,27.50856590270996,-0.0024288387930272437,0.025320981299906675,0.07810289795996783,1.0825204849243164,1.2721028327941895,0.0063814581371843815,12.770000457763672,-0.007304319826777594,4.47,3.1213860530707698,1.07,4.2229,0.040000000000000036,,,,5.33,-0.44,0.0,-0.010000000000000009
2024-05-24,27.42245101928711,-0.0034770579674393565,0.023937129967281257,0.07095297285898416,1.0812681913375854,1.2694060802459717,0.006370522081851959,11.930000305175781,0.006616500353154198,4.46,3.1213860530707698,1.07,4.2229,-0.009999999999999787,,,,5.33,-0.47,0.0,-0.02999999999999997
2024-05-28,27.384180068969727,-0.00934570862550177,0.02177801310778671,0.06459718299749584,1.0861891508102417,1.2772371768951416,0.00637572119012475,12.920000076293945,0.0006988639083373993,4.54,3.1213860530707698,1.07,4.2229,-0.009999999999999787,,,,5.33,-0.4,0.0,-0.02999999999999997
2024-05-29,27.537269592285156,-0.0006944457422474182,0.02675698786961922,0.07092316317346326,1.0851871967315674,1.275835633277893,0.006358815357089043,14.279999732971191,-0.00700254196671779,4.61,3.1213860530707698,1.07,4.2229,0.07000000000000028,,,,5.33,-0.35,0.0,0.050000000000000044
2024-05-30,27.451156616210938,-0.010006885503229812,0.02135995472958463,0.06869561963102,1.0801819562911987,1.2697993516921997,0.006344855297356844,14.470000267028809,-0.006633773121481501,4.55,3.1213860530707698,1.07,4.2229,-0.0600000000000005,,,,5.33,-0.37,0.0,-0.020000000000000018
2024-05-31,27.43202018737793,-0.00967186566227407,0.022467908979229678,0.066084228211724,1.0835410356521606,1.27304208278656,0.006371334195137024,12.920000076293945,0.009108045067241388,4.51,3.1213860530707698,1.07,4.2229,-0.040000000000000036,,,,5.33,-0.38,0.0,-0.010000000000000009
2024-06-03,27.288496017456055,-0.007309411903393848,0.017118362831858303,0.07326110810087205,1.0853049755096436,1.2743724584579468,0.006362132728099823,13.109999656677246,0.000815533343335062,4.41,3.1213860530707698,1.07,4.2229,-0.09999999999999964,,,,5.33,-0.41,0.0,-0.02999999999999997
2024-06-04,27.298065185546875,-0.004188420111123858,0.01856483329881664,0.06236362346135205,1.0907385349273682,1.2810165882110596,0.00640713470056653,13.15999984741211,0.0011178388339905254,4.33,3.1213860530707698,1.07,4.2229,-0.08000000000000007,,,,5.33,-0.44,0.0,-0.030000000000000027
2024-06-05,27.33633804321289,-0.0038353978284312307,0.02364748295214092,0.06571827516817352,1.0881866216659546,1.2773023843765259,0.00644645607098937,12.630000114440918,0.011884993384097875,4.29,3.1213860530707698,1.07,4.2229,-0.040000000000000036,,,,5.33,-0.43,0.0,0.010000000000000009
2024-06-06,27.298065185546875,-0.007997198668896366,0.027367641258090547,0.06087836609268593,1.087453007698059,1.2794759273529053,0.006413175258785486,12.579999923706055,-1.8612845869458994e-05,4.28,3.1213860530707698,1.07,4.2229,-0.009999999999999787,,,,5.33,-0.44,0.0,-0.010000000000000009
2024-06-07,27.52770233154297,-0.0010416340052907813,0.03563717963741042,0.0694288579374307,1.0894432067871094,1.2793285846710205,0.006422731094062328,12.220000267028809,-0.001215637994912977,4.43,3.1213860530707698,1.07,4.2229,0.14999999999999947,,,,5.33,-0.44,0.0,0.0
2024-06-10,27.59467887878418,0.004878057928526802,0.03703707154971081,0.08071590871571499,1.0778882503509521,1.2729448080062866,0.006376209203153849,12.739999771118164,0.003089730791882239,4.47,3.1213860530707698,1.07,4.2229,0.040000000000000036,,,,5.33,-0.4,0.0,0.03999999999999998
2024-06-11,27.632951736450195,0.004871268691137853,0.03772910515108174,0.07879495008433701,1.0764262676239014,1.2726370096206665,0.006367804482579231,12.850000381469727,0.0024082741236772787,4.39,3.1213860530707698,1.07,4.2229,-0.08000000000000007,,,,5.33,-0.42,0.0,-0.019999999999999962
2024-06-12,27.50856590270996,0.0006962071558356264,0.034172689727491656,0.0735619057317134,1.0740330219268799,1.274047613143921,0.006365169771015644,12.039999961853027,0.008213125459963777,4.31,3.1213860530707698,1.07,4.2229,-0.08000000000000007,,,,5.33,-0.44,0.0,-0.020000000000000018
2024-06-13,27.613815307617188,0.00662711382528447,0.03255809176631885,0.0810846008009869,1.0813149213790894,1.27962327003479,0.006377550773322582,11.9399995803833,0.0020133194445919322,4.24,3.1213860530707698,1.07,4.2229,-0.0699999999999994,,,,5.33,-0.44,0.0,0.0
2024-06-14,27.738201141357422,0.017549980121721376,0.0360971722925838,0.09133409286736915,1.0738831758499146,1.2755101919174194,0.006364237982779741,12.65999984741211,0.0006083771678635497,4.2,3.1213860530707698,1.07,4.2229,-0.040000000000000036,,,,5.33,-0.47,0.0,-0.02999999999999997
2024-06-17,27.67122459411621,0.01260506577152376,0.03138372443524351,0.09489792961168786,1.0702168941497803,1.2683112621307373,0.006347352173179388,12.75,0.00795898484764801,4.28,3.1213860530707698,1.07,4.2229,0.08000000000000007,,,,5.33,-0.47,0.0,0.0
2024-06-18,27.66165542602539,0.012254890156742748,0.0284596054776296,0.09257529318560631,1.0740677118301392,1.2715997695922852,0.006341154221445322,12.300000190734863,0.0025406071200269054,4.22,3.1213860530707698,1.07,4.2229,-0.0600000000000005,,,,5.33,-0.47,0.0,0.0
2024-06-20,27.77647590637207,0.015035028179438692,0.03752683875147733,0.0940013227592722,1.0751532316207886,1.2721998691558838,0.006330796983093023,13.279999732971191,-0.0027163963436835914,4.25,3.1213860530707698,1.07,4.2229,-0.0600000000000005,,,,5.33,-0.45,0.0,0.0
2024-06-21,27.84345245361328,0.017482550382957207,0.033013871042569365,0.10171265969865662,1.0706409215927124,1.2660471200942993,0.006292038597166538,13.199999809265137,-0.0013406532882335176,4.25,3.1213860530707698,1.07,4.2229,0.0,,,,5.33,-0.45,0.0,0.0
2024-06-24,27.747770309448242,0.010805143746188905,0.02401134506878133,0.0940333396954689,1.0687757730484009,1.2639029026031494,0.006255434826016426,13.329999923706055,-0.0032507867279550906,4.25,3.1213860530707698,1.07,4.2229,0.0,,,,5.33,-0.46,0.0,-0.010000000000000009
2024-06-25,27.77647590637207,0.009739148329637848,0.027610671099198125,0.08937061088394183,1.0732723474502563,1.268343448638916,0.006262289360165596,12.84000015258789,0.003851024836005301,4.23,3.1213860530707698,1.07,4.2229,-0.019999999999999574,,,,5.33,-0.42,0.0,0.040000000000000036
2024-06-26,27.910429000854492,0.0177948346493233,0.03183585738694572,0.09578376705836433,1.0709619522094727,1.268399715423584,0.006262289360165596,12.550000190734863,0.001248141556011939,4.32,3.1213860530707698,1.07,4.2229,0.08999999999999986,,,,5.33,-0.39,0.0,0.02999999999999997
2024-06-27,27.872156143188477,0.017819634292125297,0.029692455818392416,0.09699257540669426,1.068010926246643,1.262179970741272,0.006225835997611284,12.239999771118164,0.0015763881296404492,4.29,3.1213860530707698,1.07,4.2229,-0.03000000000000025,,,,5.33,-0.41,0.0,-0.019999999999999962
2024-06-28,27.872156143188477,0.012161211182576404,0.02678884108977475,0.09196768746294537,1.0708472728729248,1.2645741701126099,0.0062232790514826775,12.4399995803833,-0.0039351622921779406,4.36,3.1213860530707698,1.07,4.2229,0.07000000000000028,,,,5.33,-0.35,0.0,0.06
2024-07-01,27.881723403930664,0.015684832291017692,0.023174131104821694,0.0877431554393322,1.0735257863998413,1.2648621797561646,0.006214770022779703,12.220000267028809,0.002058113778742765,4.48,3.1124987259274195,1.045,4.1386,0.1200000000000001,,,,5.33,-0.29,0.0,0.06
2024-07-02,27.84345245361328,0.01499824888670287,0.023206723254526107,0.09084314218679035,1.0737102031707764,1.2645741701126099,0.006191490683704615,12.029999732971191,0.006729729803014894,4.43,3.1124987259274195,1.045,4.1386,-0.05000000000000071,,,,5.33,-0.31,0.0,-0.020000000000000018
2024-07-03,27.728633880615234,0.01612906269651604,0.023666557876758976,0.0851976027968615,1.0748412609100342,1.2690355777740479,0.006191797088831663,12.09000015258789,0.0044626679560688665,4.36,3.1124987259274195,1.045,4.1386,-0.0699999999999994,,,,5.33,-0.35,0.0,-0.03999999999999998
2024-07-05,27.632951736450195,0.012267776072299341,0.020134230550811427,0.07652685672623027,1.0810693502426147,1.2755752801895142,0.0061973994597792625,12.479999542236328,0.005766364101352783,4.28,3.1124987259274195,1.045,4.1386,-0.0699999999999994,,,,5.33,-0.32,0.0,-0.03999999999999998
2024-07-08,27.68079376220703,0.012600653329997158,0.020818633814304155,0.08104225803455223,1.082602620124817,1.2806508541107178,0.006225177086889744,12.369999885559082,0.001153970272046223,4.28,3.1124987259274195,1.045,4.1386,0.0,,,,5.33,-0.34,0.0,-0.020000000000000018
2024-07-09,27.719064712524414,0.015422321110158288,0.023674921467488064,0.09174013159080885,1.0830950736999512,1.2815583944320679,0.006216702051460743,12.510000228881836,0.0009725540044869252,4.3,3.1124987259274195,1.045,4.1386,0.019999999999999574,,,,5.33,-0.32,0.0,0.020000000000000018
2024-07-10,27.69036102294922,0.005908909121698391,0.022976324391268843,0.09332066127652405,1.0814785957336426,1.2787723541259766,0.006198436953127384,12.850000381469727,0.009895225846729971,4.28,3.1124987259274195,1.045,4.1386,-0.019999999999999574,,,,5.33,-0.34,0.0,-0.020000000000000018
2024-07-11,27.546838760375977,-0.0017336718654473726,0.006995465881084684,0.09036429738828544,1.083329677581787,1.285264492034912,0.006187851075083017,12.920000076293945,-0.00862268813257483,4.2,3.1124987259274195,1.045,4.1386,-0.08000000000000007,,,,5.33,-0.3,0.0,0.040000000000000036
2024-07-12,27.451156616210938,-0.006578925117125878,0.002796230259096477,0.09949377934695525,1.0872756242752075,1.292373776435852,0.006321072578430176,12.460000038146973,0.006307582473891182,4.18,3.1124987259274195,1.045,4.1386,-0.020000000000000462,,,,5.33,-0.27,0.0,0.02999999999999997
2024-07-15,27.49899673461914,-0.0003478613943258546,-0.0034674128510552293,0.10900027937705081,1.0885539054870605,1.2966804504394531,0.006316600367426872,13.119999885559082,0.00275019895372286,4.23,3.1124987259274195,1.045,4.1386,0.05000000000000071,,,,5.33,-0.21,0.0,0.060000000000000026
2024-07-16,27.49899673461914,-0.004158011912478221,-0.005192083347679732,0.10699267479114782,1.0901559591293335,1.2970000505447388,0.006323470734059811,13.1899995803833,0.0059300227687857365,4.17,3.1124987259274195,1.045,4.1386,-0.0600000000000005,,,,5.33,-0.26,0.0,-0.05000000000000002
2024-07-17,27.374610900878906,-0.013107924289163964,-0.011061202361406286,0.10318365802104457,1.0902509689331055,1.29776930809021,0.006315124686807394,14.479999542236328,-0.014021081088038456,4.16,3.1124987259274195,1.045,4.1386,-0.009999999999999787,,,,5.33,-0.26,0.0,0.0
2024-07-18,27.49899673461914,-0.0062240779735383,-0.0034674128510552293,0.10739366503950731,1.094020128250122,1.3007453680038452,0.006423185113817453,15.930000305175781,-0.007684891354912127,4.2,3.1124987259274195,1.045,4.1386,0.040000000000000036,,,,5.33,-0.26,0.0,0.0
2024-07-19,27.575542449951172,-0.003113081077324109,-0.002768171245314255,0.1060695663909077,1.0901559591293335,1.2951691150665283,0.006363347172737122,16.520000457763672,-0.006640594820703893,4.25,3.1124987259274195,1.045,4.1386,0.04999999999999982,,,,5.33,-0.24,0.0,0.020000000000000018
2024-07-22,27.556406021118164,-0.007922887194031003,-0.003460214056642763,0.09895882776045517,1.0899182558059692,1.2933096885681152,0.0063523524440824986,14.90999984741211,0.010310019994918207,4.26,3.1124987259274195,1.045,4.1386,0.009999999999999787,,,,5.33,-0.24,0.0,0.0
2024-07-23,27.604248046875,-0.008591046930576995,-0.002075341416348464,0.09771696549163078,1.0889805555343628,1.2932428121566772,0.0063738515600562096,14.720000267028809,-0.0015687400169448473,4.25,3.1124987259274195,1.045,4.1386,-0.009999999999999787,,,,5.33,-0.15,0.0,0.09
2024-07-24,27.59467887878418,-0.005517251619022279,0.0017366827033895582,0.09342575486125626,1.0850694179534912,1.2901561260223389,0.006419803481549025,18.040000915527344,-0.022662421157437884,4.28,3.1124987259274195,1.045,4.1386,0.03000000000000025,,,,5.33,-0.09,0.0,0.06
2024-07-25,27.59467887878418,-0.006544999740092483,0.0006939638220260225,0.09459584705182111,1.0839520692825317,1.289989709854126,0.0064981053583323956,18.459999084472656,-0.005210308325621638,4.27,3.1124987259274195,1.045,4.1386,-0.010000000000000675,,,,5.33,-0.14,0.0,-0.05000000000000002
2024-07-26,27.575542449951172,-0.011998617108073373,0.0020862347804635473,0.09696767041209409,1.0851283073425293,1.2856775522232056,0.006506307516247034,16.389999389648438,0.011199572285922166,4.2,3.1124987259274195,1.045,4.1386,-0.0699999999999994,,,,5.33,-0.16,0.0,-0.01999999999999999
2024-07-29,27.652088165283203,-0.007895620876071097,0.00034617569013128957,0.08987435627824314,1.0853756666183472,1.2868356704711914,0.006487650331109762,16.600000381469727,0.0005879080387343194,4.17,3.1124987259274195,1.045,4.1386,-0.03000000000000025,,,,5.33,-0.19,0.0,-0.03
2024-07-30,27.67122459411621,-0.007209042172410807,0.004166674453484731,0.09217726803066273,1.081946611404419,1.286041259765625,0.006500556133687496,17.690000534057617,-0.005066610598453147,4.15,3.1124987259274195,1.045,4.1386,-0.019999999999999574,,,,5.33,-0.2,0.0,-0.010000000000000009
2024-07-31,27.51813316345215,-0.013040450735812725,-0.007591456473095337,0.08421037522623687,1.0816072225570679,1.2836971282958984,0.006550075486302376,16.360000610351562,0.016254634916686772,4.09,3.1124987259274195,1.045,4.1386,-0.0600000000000005,,,,5.33,-0.2,0.0,0.0
2024-08-01,27.613815307617188,-0.00824743793459759,-0.0031088483916362764,0.0829911955675553,1.082391619682312,1.2853139638900757,0.00667806388810277,18.59000015258789,-0.014160826586447128,3.99,2.9057931467596205,0.89,3.9444,-0.09999999999999964,,,,5.33,-0.17,0.0,0.03
2024-08-02,27.33633804321289,-0.014147679943100067,-0.00556903278341947,0.06834036671691535,1.0787602663040161,1.27289617061615,0.006702367682009935,23.389999389648438,-0.018618532547966637,3.8,2.9057931467596205,0.89,3.9444,-0.1900000000000004,,,,5.33,-0.08,0.0,0.09000000000000001
2024-08-05,27.183246612548828,-0.01627423404457251,-0.00837690980080008,0.06310471617072988,1.0910836458206177,1.278788685798645,0.006868886761367321,38.56999969482422,-0.02912365987795984,3.78,2.9057931467596205,0.89,3.9444,-0.020000000000000018,,,,5.33,-0.11,0.0,-0.03
2024-08-06,27.269359588623047,-0.014863525125703658,-0.006276162405789321,0.07175022826326516,1.0950982570648193,1.2788705825805664,0.006859181448817253,27.709999084472656,0.009219593377574054,3.9,2.9057931467596205,0.89,3.9444,0.1200000000000001,,,,5.33,-0.09,0.0,0.020000000000000004
2024-08-07,27.32676887512207,-0.014152564001378098,-0.006954115934878713,0.07324778521945463,1.0926215648651123,1.2684721946716309,0.0069093224592506886,27.850000381469727,-0.006683938581962812,3.96,2.9057931467596205,0.89,3.9444,0.06000000000000005,,,,5.33,-0.04,0.0,0.049999999999999996
2024-08-08,27.365041732788086,-0.011748466908449329,-0.006944457422474626,0.06983815479585087,1.0928125381469727,1.2680377960205078,0.006843503098934889,23.790000915527344,0.023117248752672737,3.99,2.9057931467596205,0.89,3.9444,0.03000000000000025,,,,5.33,-0.05,0.0,-0.010000000000000002
2024-08-09,27.33633804321289,-0.007641556223354162,-0.004529590490679913,0.06796501525854426,1.0915720462799072,1.2747459411621094,0.006771901622414589,20.3700008392334,0.0044097015524113825,3.94,2.9057931467596205,0.89,3.9444,-0.050000000000000266,,,,5.33,-0.11,0.0,-0.06
2024-08-12,27.33633804321289,-0.004182649736887312,-0.005915077301764771,0.06609204871403862,1.091381311416626,1.2750385999679565,0.006800777744501829,20.709999084472656,0.0005253982969928295,3.9,2.9057931467596205,0.89,3.9444,-0.040000000000000036,,,,5.33,-0.11,0.0,0.0
2024-08-13,27.192813873291016,-0.011134328436886776,-0.010790100758535481,0.058267539555691306,1.0936251878738403,1.2771228551864624,0.006803554482758045,18.1200008392334,0.016445516384800962,3.85,2.9057931467596205,0.89,3.9444,-0.04999999999999982,,,,5.33,-0.08,0.0,0.03
2024-08-14,27.221519470214844,-0.010090450465597312,-0.0076735404729667556,0.05568958046300021,1.0996986627578735,1.2866700887680054,0.00680406391620636,16.190000534057617,0.0031548868122548424,3.83,2.9057931467596205,0.89,3.9444,-0.020000000000000018,,,,5.33,-0.11,0.0,-0.03
2024-08-15,27.31719970703125,-0.002097242370148633,0.002105936041621126,0.05903084208601439,1.1013215780258179,1.2828736305236816,0.00679103285074234,15.229999542236328,0.017140199822825997,3.92,2.9057931467596205,0.89,3.9444,0.08999999999999986,,,,5.33,-0.16,0.0,-0.05
2024-08-16,27.183246612548828,-0.011482241520208158,-0.0052520758392297084,0.05090637573292134,1.0972732305526733,1.2859420776367188,0.006701424717903137,14.800000190734863,0.00224196912733321,3.89,2.9057931467596205,0.89,3.9444,-0.029999999999999805,,,,5.33,-0.17,0.0,-0.010000000000000009
2024-08-19,27.039724349975586,-0.01943091784860007,-0.010504151678459306,0.045721366204587444,1.1024993658065796,1.294716238975525,0.006758766248822212,14.649999618530273,0.009561491446388404,3.86,2.9057931467596205,0.89,3.9444,-0.03000000000000025,,,,5.33,-0.2,0.0,-0.03
2024-08-20,26.944042205810547,-0.02222219453575791,-0.015384574636811421,0.04129660479721653,1.1086474657058716,1.2990386486053467,0.0068166786804795265,15.880000114440918,-0.0016260708627346965,3.82,2.9057931467596205,0.89,3.9444,-0.040000000000000036,,,,5.33,-0.17,0.0,0.03
2024-08-21,26.857927322387695,-0.02703644465228583,-0.018531468555839203,0.0390520904840026,1.112792730331421,1.3035430908203125,0.006880086846649647,16.270000457763672,0.0034365326067524737,3.79,2.9057931467596205,0.89,3.9444,-0.029999999999999805,,,,5.33,-0.13,0.0,0.04000000000000001
2024-08-22,26.982315063476562,-0.02219137312659314,-0.017079118351519873,0.04024477309596075,1.115536093711853,1.309346079826355,0.006890944205224514,17.549999237060547,-0.007848534947103691,3.86,2.9057931467596205,0.89,3.9444,0.06999999999999984,,,,5.33,-0.13,0.0,0.0
2024-08-23,26.752676010131836,-0.030513233089286218,-0.027478346026888256,0.03498023509795889,1.111716389656067,1.3097747564315796,0.006839851848781109,15.859999656677246,0.010625404799875504,3.81,2.9057931467596205,0.89,3.9444,-0.04999999999999982,,,,5.33,-0.09,0.0,0.04000000000000001
2024-08-26,26.810087203979492,-0.027758483712911897,-0.022330746980892435,0.028966714046557707,1.1187934875488281,1.3212658166885376,0.0069444444961845875,16.149999618530273,-0.002383945426392531,3.82,2.9057931467596205,0.89,3.9444,0.009999999999999787,,,,5.33,-0.09,0.0,0.0
2024-08-27,26.72397232055664,-0.033564041861106064,-0.024109093160733286,0.024247465233773857,1.1164700984954834,1.3191741704940796,0.006919648498296738,15.430000305175781,0.0013731378507129133,3.83,2.9057931467596205,0.89,3.9444,0.010000000000000231,,,,5.33,0.0,0.0,0.09
2024-08-28,26.877063751220703,-0.02869988063572626,-0.02397499283114901,0.031893502177940514,1.117793083190918,1.3257501125335693,0.006945650093257427,17.110000610351562,-0.00580517669033398,3.84,2.9057931467596205,0.89,3.9444,0.009999999999999787,,,,5.33,0.01,0.0,0.01
2024-08-29,26.972745895385742,-0.019819195758190244,-0.017427707237030465,0.04132015791940491,1.1124955415725708,1.3193656206130981,0.006923625711351633,15.649999618530273,8.939046627509661e-05,3.87,2.9057931467596205,0.89,3.9444,0.03000000000000025,,,,5.33,0.0,0.0,-0.01
2024-08-30,27.049291610717773,-0.02044352403355476,-0.013951891769030444,0.04609136587043716,1.1080454587936401,1.3166210651397705,0.006901787593960762,15.0,0.009546048472447888,3.91,2.9057931467596205,0.89,3.9444,0.040000000000000036,,,,5.33,0.0,0.0,0.0
2024-09-03,27.097131729125977,-0.0087504885880757,-0.007012635955007007,0.04286326495377146,1.1067456007003784,1.314198613166809,0.0068156104534864426,20.719999313354492,-0.02057901860671374,3.84,2.9057931467596205,0.89,3.9444,0.040000000000000036,,,,5.33,-0.04,0.0,0.0
2024-09-04,26.963178634643555,-0.008095720906408643,-0.012267776072299341,0.031282506913469676,1.1048868894577026,1.3114066123962402,0.006879803258925676,21.31999969482422,-0.002046891572891285,3.77,2.9057931467596205,0.89,3.9444,-0.06999999999999984,,,,5.33,0.01,0.0,0.05
2024-09-05,26.924903869628906,-0.01263160280221065,-0.015050815253074279,0.02453203537829385,1.1080454587936401,1.3144749402999878,0.006977198179811239,19.899999618530273,-0.00243209769544539,3.73,2.9057931467596205,0.89,3.9444,-0.040000000000000036,,,,5.33,-0.02,0.0,-0.03
2024-09-06,26.963178634643555,-0.01330527740546461,-0.012267776072299341,0.0256374705645106,1.1111111640930176,1.317748785018921,0.0069738407619297504,22.3799991607666,-0.01683010051088929,3.72,2.9057931467596205,0.89,3.9444,-0.009999999999999787,,,,5.33,0.06,0.0,0.08
2024-09-09,27.07799530029297,-0.010489530229774391,-0.01633652623214754,0.02754413957903501,1.1087212562561035,1.3133355379104614,0.007018233649432659,19.450000762939453,0.011196213722451054,3.7,2.9057931467596205,0.89,3.9444,-0.020000000000000018,,,,5.33,0.02,0.0,-0.039999999999999994
2024-09-10,27.08756446838379,-0.009100471849442404,-0.018377253550512562,0.026855818060424363,1.1037527322769165,1.307138204574585,0.0069843619130551815,19.079999923706055,0.004355694776616792,3.65,2.9057931467596205,0.89,3.9444,-0.050000000000000266,,,,5.33,0.06,0.0,0.039999999999999994
2024-09-11,27.116270065307617,-0.008050382518587251,-0.018698026764221165,0.032874230815113314,1.1020983457565308,1.3080273866653442,0.007030668202787638,17.690000534057617,0.010258876764367209,3.65,2.9057931467596205,0.89,3.9444,0.0,,,,5.33,0.03,0.0,-0.03
2024-09-12,27.001449584960938,-0.007037311005097524,-0.018434851149367493,0.026742004647289486,1.1010911464691162,1.3039510250091553,0.007013114634901285,17.06999969482422,0.008423280865452298,3.68,2.9057931467596205,0.89,3.9444,0.03000000000000025,,,,5.33,0.04,0.0,0.010000000000000002
2024-09-13,26.963178634643555,-0.009490316506907681,-0.023561998431783415,0.024585834253685546,1.1077877283096313,1.313232183456421,0.0070671881549060345,16.559999465942383,0.005222725113756654,3.66,2.9057931467596205,0.89,3.9444,-0.020000000000000018,,,,5.33,0.09,0.0,0.049999999999999996
2024-09-16,26.877063751220703,-0.01611204517779541,-0.031045177938837987,0.015069084134128996,1.1088441610336304,1.3137997388839722,0.00710277771577239,17.139999389648438,0.001476936785746119,3.63,2.9057931467596205,0.89,3.9444,-0.03000000000000025,,,,5.33,0.07,0.0,-0.01999999999999999
2024-09-17,26.963178634643555,-0.008095720906408643,-0.02558780718447895,0.019013674338809405,1.1129536628723145,1.3210737705230713,0.00710277771577239,17.610000610351562,0.0004086456412846218,3.65,2.9057931467596205,0.89,3.9444,0.020000000000000018,,,,5.33,0.06,0.0,-0.010000000000000009
2024-09-18,26.99188232421875,-0.0017693237230386183,-0.024213052020613524,0.021835101038527815,1.1123099327087402,1.3167423009872437,0.0070415097288787365,18.229999542236328,-0.0029658202997837613,3.7,2.9057931467596205,0.89,3.9444,0.050000000000000266,,,,5.33,0.09,0.0,0.03
2024-09-19,26.877063751220703,-0.0024858354243298963,-0.03238035516755522,0.016795980302129587,1.1114816665649414,1.3201146125793457,0.007007217034697533,16.329999923706055,0.0170643557287935,3.73,2.9057931467596205,0.89,3.9444,0.029999999999999805,,,,4.83,0.14,-0.5,0.05000000000000002
2024-09-20,26.924903869628906,0.002493734771014111,-0.03298975173839025,0.016875867256979538,1.1161960363388062,1.328179955482483,0.006999957840889692,16.149999618530273,-0.0017285755475674458,3.73,2.9057931467596205,0.89,3.9444,0.0,,,,4.83,0.18,0.0,0.03999999999999998
2024-09-23,26.963178634643555,-0.0007092211616381849,-0.028275845808682143,0.017630128104393794,1.1160838603973389,1.331398367881775,0.006944251712411642,15.890000343322754,0.0024988247405808295,3.75,2.9057931467596205,0.89,3.9444,0.020000000000000018,,,,4.83,0.18,0.0,0.0
2024-09-24,26.810087203979492,0.0021459981732636635,-0.034791623878063116,0.009453577381563605,1.1111727952957153,1.3349887132644653,0.0069619459100067616,15.390000343322754,0.0028612506908902713,3.74,2.9057931467596205,0.89,3.9444,-0.009999999999999787,,,,4.83,0.25,0.0,0.07
2024-09-25,26.99188232421875,0.006780847777782428,-0.03291051802204903,0.012526867537575148,1.1191190481185913,1.3427324295043945,0.006994816940277815,15.40999984741211,-0.002205401211637481,3.79,2.9057931467596205,0.89,3.9444,0.04999999999999982,,,,4.83,0.26,0.0,0.010000000000000009
2024-09-26,26.867496490478516,0.0053706151241397215,-0.03604527929409884,0.004809871717970093,1.1131023168563843,1.3315792083740234,0.006911661941558123,15.369999885559082,0.003964639036064588,3.79,2.9057931467596205,0.89,3.9444,0.0,,,,4.83,0.19,0.0,-0.07
2024-09-27,26.857927322387695,-0.0007119984909861321,-0.036388602861951336,-0.0002558769882028411,1.117717981338501,1.341381549835205,0.006892938632518053,16.959999084472656,-0.0014503466374615748,3.75,2.9057931467596205,0.89,3.9444,-0.040000000000000036,,,,4.83,0.2,0.0,0.010000000000000009
2024-09-30,26.963178634643555,-0.0003547010296724995,-0.03294433260024432,0.009067096586117707,1.1169815063476562,1.338329792022705,0.007003634702414274,16.729999542236328,0.004007278926261737,3.81,2.9057931467596205,0.89,3.9444,0.06000000000000005,,,,4.83,0.15,0.0,-0.05000000000000002
2024-10-01,27.07799530029297,0.0010611623397864811,-0.027491459781991856,0.012682256931136449,1.113660216331482,1.3376137018203735,0.006958457641303539,19.260000228881836,-0.008958497576024071,3.74,2.8659339505326895,0.935,4.1993,-0.06999999999999984,,,,4.83,0.13,0.0,-0.01999999999999999
2024-10-02,27.192813873291016,0.0035310801571737382,-0.019323707386060707,0.009169106323055676,1.1063904762268066,1.327404260635376,0.006957199890166521,18.899999618530273,0.0004221591648074785,3.79,2.8659339505326895,0.935,4.1993,0.04999999999999982,,,,4.83,0.16,0.0,0.03
2024-10-03,27.278928756713867,0.011710419099646652,-0.012811623713341547,0.011352279539117438,1.1048502922058105,1.326611876487732,0.0068221199326217175,20.489999771118164,-0.0018281885050124291,3.85,2.8659339505326895,0.935,4.1993,0.06000000000000005,,,,4.83,0.15,0.0,-0.010000000000000009
2024-10-04,27.43202018737793,0.018834470875160658,-0.008987226918642621,0.02008931247016199,1.103557825088501,1.3130252361297607,0.006810133811086416,19.209999084472656,0.00908726157486206,3.98,2.8659339505326895,0.935,4.1993,0.1299999999999999,,,,4.83,0.05,0.0,-0.09999999999999999
2024-10-07,27.451156616210938,0.018097939719184497,-0.009665120345580314,0.024226429407869565,1.0974539518356323,1.3125253915786743,0.006719526834785938,22.639999389648438,-0.00904037487378262,4.03,2.8659339505326895,0.935,4.1993,0.050000000000000266,,,,4.83,0.04,0.0,-0.010000000000000002
2024-10-08,27.451156616210938,0.013780980156752332,-0.008638544168493634,0.026292762489612986,1.0975743532180786,1.3084723949432373,0.006750097963958979,21.420000076293945,0.009457558847675962,4.04,2.8659339505326895,0.935,4.1993,0.009999999999999787,,,,4.83,0.06,0.0,0.019999999999999997
2024-10-09,27.575542449951172,0.018014834155242854,0.0010419957739935537,0.03128988149336065,1.0975743532180786,1.309483289718628,0.006749505642801523,20.860000610351562,0.006926405441844974,4.06,2.8659339505326895,0.935,4.1993,0.019999999999999574,,,,4.83,0.07,0.0,0.010000000000000009
2024-10-10,27.56597328186035,0.016584257918572654,0.004182580255347457,0.03336510587937003,1.0943313837051392,1.306830883026123,0.006704210303723812,20.93000030517578,-0.001750022536475826,4.09,2.8659339505326895,0.935,4.1993,0.03000000000000025,,,,4.83,0.11,0.0,0.039999999999999994
2024-10-11,27.58510971069336,0.02161588117319102,0.0031314951925431878,0.034082472815954556,1.0933860540390015,1.3062163591384888,0.0067247687838971615,20.459999084472656,0.0059882065403507045,4.08,2.8659339505326895,0.935,4.1993,-0.009999999999999787,,,,4.83,0.13,0.0,0.020000000000000004
2024-10-14,27.67122459411621,0.026259736252421062,0.0062630597457487,0.028640388934747518,1.0925379991531372,1.3049037456512451,0.006696398835629225,19.700000762939453,0.008178386498286061,4.08,2.8659339505326895,0.935,4.1993,-0.009999999999999787,,,,4.83,0.13,0.0,0.020000000000000004
2024-10-15,27.69036102294922,0.03025990038408044,0.011534414980860053,0.028663832532214828,1.0909169912338257,1.3067454099655151,0.006681365892291069,20.639999389648438,-0.007769766324635219,4.03,2.8659339505326895,0.935,4.1993,-0.009999999999999787,,,,4.83,0.08,0.0,0.020000000000000004
2024-10-16,27.76690673828125,0.02980835881883115,0.009742537382275929,0.036007339940513416,1.0884116888046265,1.3065917491912842,0.006706953048706055,19.579999923706055,0.004346500392314434,4.02,2.8659339505326895,0.935,4.1993,-0.010000000000000675,,,,4.83,0.09,0.0,0.009999999999999995
2024-10-17,27.8530216217041,0.03190364003301416,0.010062510003440384,0.03887177553604704,1.0862481594085693,1.29902184009552,0.006685564294457436,19.110000610351562,8.576054306153047e-05,4.09,2.8659339505326895,0.935,4.1993,0.07000000000000028,,,,4.83,0.13,0.0,0.04000000000000001
2024-10-18,27.77647590637207,0.03346392907634921,0.00798616064392621,0.03220781558879171,1.0829542875289917,1.301574945449829,0.006662224885076284,18.030000686645508,0.0038465526321536103,4.08,2.8659339505326895,0.935,4.1993,-0.009999999999999787,,,,4.83,0.13,0.0,0.0
2024-10-21,27.900861740112305,0.03624740408392957,0.010745219095757319,0.03995839338047813,1.0868619680404663,1.3052616119384766,0.006684491876512766,18.3700008392334,-0.0016421907154073878,4.19,2.8659339505326895,0.935,4.1993,0.11000000000000032,,,,4.83,0.17,0.0,0.04000000000000001
2024-10-22,27.9295654296875,0.03584098181222184,0.012135910418613172,0.04067936123078608,1.0817828178405762,1.298296570777893,0.0066398861818015575,18.200000762939453,-0.0005310720287751147,4.2,2.8659339505326895,0.935,4.1993,0.009999999999999787,,,,4.83,0.17,0.0,0.0
2024-10-23,28.02524757385254,0.04532474514639695,0.015603323269668401,0.04952030054822787,1.079727053642273,1.2982797622680664,0.006616469472646713,19.239999771118164,-0.009137376019982102,4.24,2.8659339505326895,0.935,4.1993,0.040000000000000036,,,,4.83,0.17,0.0,0.0
2024-10-24,27.919998168945312,0.034384998925910404,0.012491348796467738,0.039626061545528835,1.0780508518218994,1.291372299194336,0.006545830983668566,19.079999923706055,0.0021625517536818517,4.21,2.8659339505326895,0.935,4.1993,-0.03000000000000025,,,,4.83,0.14,0.0,-0.03
2024-10-25,28.01568031311035,0.04273505062292404,0.013148813415242655,0.04040147327849941,1.0824151039123535,1.2973365783691406,0.006588352844119072,20.329999923706055,-0.0003452786014435105,4.25,2.8659339505326895,0.935,4.1993,0.040000000000000036,,,,4.83,0.14,0.0,0.0
2024-10-28,28.01568031311035,0.0431065650310849,0.0124481559470766,0.03797473632080717,1.0796570777893066,1.295823574066162,0.006537999026477337,19.799999237060547,0.0030915017911679055,4.28,2.8659339505326895,0.935,4.1993,0.03000000000000025,,,,4.83,0.16,0.0,0.01999999999999999
2024-10-29,28.02524757385254,0.039389604378631704,0.018428372571214435,0.039714982549944766,1.0816774368286133,1.2974711656570435,0.006528310012072325,19.34000015258789,0.0016182398537725184,4.28,2.8659339505326895,0.935,4.1993,0.0,,,,4.83,0.17,0.0,0.010000000000000009
2024-10-30,27.958269119262695,0.03250882531027699,0.012473966665174752,0.04139984595888602,1.0820636749267578,1.3014055490493774,0.006524263881146908,20.350000381469727,-0.0030251534775486144,4.29,2.8659339505326895,0.935,4.1993,0.009999999999999787,,,,4.83,0.14,0.0,-0.03
2024-10-31,27.93913459777832,0.027445512919880066,0.022051108440806377,0.03444924345036915,1.0859178304672241,1.2959579229354858,0.006527245044708252,23.15999984741211,-0.019603069196068024,4.28,2.8659339505326895,0.935,4.1993,-0.009999999999999787,,,,4.83,0.12,0.0,-0.020000000000000018
2024-11-01,28.053951263427734,0.028411031592401548,0.032030929317948154,0.038354598693757236,1.0886130332946777,1.2897733449935913,0.006579813547432423,21.8799991607666,0.004220470345176475,4.37,2.9291315226785,1.05,4.4164,0.08999999999999986,,,,4.83,0.16,0.0,0.04000000000000001
2024-11-04,27.948701858520508,0.018834984358181428,0.02491229277642759,0.03965043230526222,1.087453007698059,1.2953401803970337,0.006566548720002174,21.979999542236328,-0.0021540202461768354,4.31,2.9291315226785,1.05,4.4164,-0.0600000000000005,,,,4.83,0.14,0.0,-0.01999999999999999
2024-11-05,27.83388328552246,0.013942096308084517,0.01855742304250474,0.04517008774991327,1.0874056816101074,1.2954542636871338,0.006567022763192654,20.489999771118164,0.012091894126530889,4.26,2.9291315226785,1.05,4.4164,-0.04999999999999982,,,,4.83,0.07,0.0,-0.07
2024-11-06,28.283588409423828,0.03032410637012317,0.033566427035087054,0.060981699272611545,1.093445897102356,1.3043591976165771,0.006603493355214596,16.270000457763672,0.024865593974724653,4.42,2.9291315226785,1.05,4.4164,0.16000000000000014,,,,4.83,0.15,0.0,0.07999999999999999
2024-11-07,28.053951263427734,0.017349026382522226,0.02625125644409465,0.04882892708024267,1.073306918144226,1.2883278131484985,0.006480040960013866,15.199999809265137,0.007732038047127077,4.31,2.9291315226785,1.05,4.4164,-0.11000000000000032,,,,4.83,0.1,0.0,-0.04999999999999999
2024-11-08,28.245317459106445,0.02464430224537484,0.03325168917858168,0.05633860686558556,1.0795172452926636,1.2982292175292969,0.00652826763689518,14.9399995803833,0.0043317374770937,4.3,2.9291315226785,1.05,4.4164,-0.009999999999999787,,,,4.58,0.04,-0.25,-0.060000000000000005
2024-11-11,28.407976150512695,0.02983009487543753,0.04468688981154756,0.05779635740400435,1.0714898109436035,1.2917059659957886,0.006540051195770502,14.970000267028809,0.0009528089020014452,4.3,2.9291315226785,1.05,4.4164,-0.009999999999999787,,,,4.58,0.04,-0.25,-0.060000000000000005
2024-11-12,28.53236198425293,0.03112032093873518,0.04815464160523364,0.06314007351564199,1.066439151763916,1.2874983549118042,0.006515507120639086,14.710000038146973,-0.0031062224676552397,4.43,2.9291315226785,1.05,4.4164,-0.009999999999999787,,,,4.58,0.09,-0.25,-0.060000000000000005
2024-11-13,28.69502067565918,0.03628192683646558,0.050437855395305764,0.07063607480419876,1.061672568321228,1.2739177942276,0.0064660049974918365,14.020000457763672,0.000485717937419361,4.44,2.9291315226785,1.05,4.4164,0.010000000000000675,,,,4.58,0.17,0.0,0.08000000000000002
2024-11-14,28.80984115600586,0.037560338555347794,0.05983812627834273,0.09214518134219007,1.0564124584197998,1.27068030834198,0.006433805916458368,14.3100004196167,-0.006430169669833119,4.43,2.9291315226785,1.05,4.4164,-0.010000000000000675,,,,4.58,0.09,0.0,-0.08000000000000002
2024-11-15,28.78113555908203,0.03332184026506879,0.06440195863564768,0.08698037786849877,1.0530084371566772,1.266784906387329,0.006391082890331745,16.139999389648438,-0.012808575932076294,4.43,2.9291315226785,1.05,4.4164,0.0,,,,4.58,0.12,0.0,0.03
2024-11-18,28.63761329650879,0.031002399045847673,0.0628551231386143,0.08082576177004164,1.0533745288848877,1.261765956878662,0.006465628743171692,15.579999923706055,0.00409729395294689,4.42,2.9291315226785,1.05,4.4164,-0.009999999999999787,,,,4.58,0.13,0.0,0.010000000000000009
2024-11-19,28.62804412841797,0.02606307988187373,0.06590667942402151,0.08636472698728981,1.059490442276001,1.2679253816604614,0.0064675938338041306,16.350000381469727,0.003655514780908309,4.39,2.9291315226785,1.05,4.4164,-0.03000000000000025,,,,4.58,0.12,0.0,-0.010000000000000009
2024-11-20,28.77156639099121,0.03014729904850988,0.0663120018910679,0.09517502116537213,1.0607603788375854,1.2694543600082397,0.006463372148573399,17.15999984741211,0.0003388093639582479,4.41,2.9291315226785,1.05,4.4164,0.020000000000000462,,,,4.58,0.1,0.0,-0.01999999999999999
2024-11-21,28.86724853515625,0.03004437192159881,0.07904153304976202,0.09768983092471029,1.0546187162399292,1.2655344009399414,0.006439357530325651,16.8700008392334,0.005368351193856924,4.43,2.9291315226785,1.05,4.4164,0.019999999999999574,,,,4.58,0.09,0.0,-0.010000000000000009
2024-11-22,29.020339965820312,0.039410525395337626,0.08244108812569428,0.0997500031984151,1.0469341278076172,1.2584789991378784,0.006484327372163534,15.239999771118164,0.003099434784606059,4.41,2.9291315226785,1.05,4.4164,-0.019999999999999574,,,,4.58,0.04,0.0,-0.049999999999999996
2024-11-25,28.819408416748047,0.028688509243931515,0.07841035273710228,0.09699610350961474,1.0479873418807983,1.2593823671340942,0.006487356498837471,14.600000381469727,0.0033920773549593886,4.27,2.9291315226785,1.05,4.4164,-0.14000000000000057,,,,4.58,0.06,0.0,0.019999999999999997
2024-11-26,28.857681274414062,0.030054631973712276,0.07369173736857326,0.1007139560451713,1.0444300174713135,1.2533055543899536,0.0064776064828038216,14.100000381469727,0.0052214111471931,4.3,2.9291315226785,1.05,4.4164,0.03000000000000025,,,,4.58,0.09,0.0,0.03
2024-11-27,28.60890769958496,0.020826225502356577,0.06065981604339066,0.09498139540655992,1.0491198301315308,1.2573871612548828,0.00653556315228343,14.100000381469727,-0.0030300789794227567,4.25,2.9291315226785,1.05,4.4164,-0.04999999999999982,,,,4.58,0.06,0.0,-0.03
2024-11-29,28.561067581176758,0.021560650244215163,0.0558896695786284,0.09202255743114418,1.0563008785247803,1.2696800231933594,0.006614894140511751,13.510000228881836,0.006212128780890502,4.18,2.9291315226785,1.05,4.4164,-0.04999999999999982,,,,4.58,0.05,0.0,-0.03
2024-12-02,28.733295440673828,0.028424675793596643,0.06038143549301145,0.09073099034131227,1.0545074939727783,1.270163893699646,0.006671203300356865,13.34000015258789,0.0017924360483223545,4.19,2.9291315226785,1.05,4.4164,0.010000000000000675,,,,4.58,0.02,0.0,-0.030000000000000002
2024-12-03,28.723726272583008,0.02387453385321936,0.06529451374391804,0.09372841612897176,1.0501223802566528,1.265854835510254,0.0066886055283248425,13.300000190734863,0.0004637158855407275,4.23,2.9291315226785,1.05,4.4164,0.040000000000000036,,,,4.58,0.06,0.0,0.039999999999999994
2024-12-04,28.714157104492188,0.027387864017674346,0.06645346789451478,0.08851791817103671,1.0510826110839844,1.2674272060394287,0.006682392209768295,13.449999809265137,0.0062096108555036444,4.19,2.9291315226785,1.05,4.4164,-0.040000000000000036,,,,4.58,0.06,0.0,0.0
2024-12-05,28.561067581176758,0.02612586566505204,0.05926189075052757,0.07866904584029633,1.051414132118225,1.2701154947280884,0.006641561631113291,13.539999961853027,-0.001645650257269371,4.17,2.9291315226785,1.05,4.4164,-0.020000000000000462,,,,4.58,0.02,0.0,-0.039999999999999994
2024-12-06,28.63761329650879,0.01251697210269831,0.05759724746680006,0.07899439595968105,1.058559536933899,1.2759333848953247,0.006657479330897331,12.770000457763672,0.0018956173189883518,4.15,2.9291315226785,1.05,4.4164,-0.019999999999999574,,,,4.58,0.05,0.0,0.030000000000000002
2024-12-09,28.685453414916992,0.022510274775892514,0.058989760722055085,0.08668885116807523,1.0565463304519653,1.2749296426773071,0.006665333639830351,14.1899995803833,-0.005149674771211976,4.2,2.9291315226785,1.05,4.4164,0.04999999999999982,,,,4.58,0.07,0.0,0.020000000000000004
2024-12-10,28.752429962158203,0.017953860981946956,0.060338678325227324,0.085159112068111,1.0555204153060913,1.2749085426330566,0.00660467054694891,14.180000305175781,-0.003109029034365385,4.22,2.9291315226785,1.05,4.4164,0.019999999999999574,,,,4.58,0.07,0.0,0.0
2024-12-11,28.848112106323242,0.015493393597579619,0.06839123638720657,0.08729396654580523,1.0532968044281006,1.2780042886734009,0.0065873111598193645,13.579999923706055,0.007730578659771448,4.26,2.9291315226785,1.05,4.4164,0.040000000000000036,,,,4.58,0.11,0.0,0.039999999999999994
2024-12-12,28.94379425048828,0.014419846014235516,0.07345631027715482,0.09386665897770441,1.0506850481033325,1.2766337394714355,0.006568360608071089,13.920000076293945,-0.005152540727580535,4.32,2.9291315226785,1.05,4.4164,0.0600000000000005,,,,4.58,0.14,0.0,0.030000000000000013
2024-12-13,28.9533634185791,0.009003051290325859,0.07725172982350403,0.10360633712630807,1.0474056005477905,1.2677323818206787,0.00655363779515028,13.8100004196167,-0.00019850518380071236,4.4,2.9291315226785,1.05,4.4164,0.08000000000000007,,,,4.58,0.15,0.0,0.009999999999999981
2024-12-16,28.905521392822266,0.0033210956040437,0.07203686125059083,0.11207625111548358,1.051005244255066,1.2627378702163696,0.00651665311306715,14.6899995803833,0.004269877917947307,4.39,2.9291315226785,1.05,4.4164,-0.010000000000000675,,,,4.58,0.14,0.0,-0.009999999999999981
2024-12-17,28.934226989746094,0.005319158806288193,0.0719603265232287,0.10590991151768914,1.0517348051071167,1.2690355777740479,0.006489882245659828,15.869999885559082,-0.004120024513639686,4.4,2.9291315226785,1.05,4.4164,0.010000000000000675,,,,4.58,0.15,0.0,0.009999999999999981
2024-12-18,29.269113540649414,0.022051427177334437,0.08899966944194437,0.11887348857116087,1.0495051145553589,1.2710840702056885,0.006511603482067585,27.6200008392334,-0.029803467860256894,4.5,2.9291315226785,1.05,4.4164,0.09999999999999964,,,,4.58,0.15,0.0,0.0
2024-12-19,29.326522827148438,0.02439840792466552,0.08919693712364718,0.1260103434030615,1.0350252389907837,1.2567708492279053,0.006465252488851547,24.09000015258789,-0.0003071868629631602,4.57,2.9291315226785,1.05,4.4164,0.07000000000000028,,,,4.33,0.25,-0.25,0.1
2024-12-20,29.182998657226562,0.014299960615428153,0.08232783132367327,0.11558156584519885,1.0364949703216553,1.2497968673706055,0.00634340662509203,18.360000610351562,0.012011112849670047,4.52,2.9291315226785,1.05,4.4164,-0.05000000000000071,,,,4.33,0.22,0.0,-0.03
2024-12-23,29.290000915527344,0.0146447064345685,0.09249927807693781,0.1270924729250833,1.0433076620101929,1.256991982460022,0.006388429086655378,16.780000686645508,0.005988285019376871,4.59,2.9291315226785,1.05,4.4164,0.07000000000000028,,,,4.33,0.29,0.0,0.06999999999999998
2024-12-24,29.3700008392334,0.012048820717638353,0.08810495268352803,0.13058713464513216,1.0405826568603516,1.2534469366073608,0.006362739950418472,14.270000457763672,0.011114989748490345,4.59,2.9291315226785,1.05,4.4164,0.0,,,,4.33,0.3,0.0,0.010000000000000009
2024-12-26,29.309999465942383,0.017022939614167676,0.09090921352979264,0.13077636231570833,1.0399551391601562,1.254374623298645,0.00636403588578105,14.729999542236328,6.658418643890052e-05,4.58,2.9291315226785,1.05,4.4164,0.0,,,,4.33,0.28,0.0,0.010000000000000009
2024-12-27,29.260000228881836,0.013941485826322486,0.08943627248897457,0.13471146703307224,1.0423181056976318,1.2529758214950562,0.006339224521070719,15.949999809265137,-0.010526523683762057,4.62,2.9291315226785,1.05,4.4164,0.040000000000000036,,,,4.33,0.31,0.0,0.02999999999999997
2024-12-30,29.290000915527344,0.023807033218268048,0.08629628992978522,0.13209428872569773,1.0429377555847168,1.257880687713623,0.006334205158054829,17.399999618530273,-0.011411602725516334,4.55,2.9291315226785,1.05,4.4164,-0.07000000000000028,,,,4.33,0.31,0.0,0.0
2024-12-31,29.420000076293945,0.030073543038120487,0.08649106959464015,0.13502017303874791,1.040615200996399,1.254909873008728,0.006369629874825478,17.350000381469727,-0.003638031857652546,4.58,2.9291315226785,1.05,4.4164,0.03000000000000025,,,,4.33,0.33,0.0,0.020000000000000018
2025-01-02,29.670000076293945,0.03259997230579237,0.09109708964087893,0.13502852816610988,1.0351860523223877,1.2519248723983765,0.006340390536934137,17.93000030517578,-0.002456981412092718,4.57,3.0879559525017704,1.245,4.6627,0.03000000000000025,,,,4.33,0.32,0.0,0.020000000000000018
2025-01-03,29.579999923706055,0.029810674388035974,0.08435342852038685,0.12786998531876015,1.0268205404281616,1.2380222082138062,0.006354774348437786,16.1299991607666,0.012503332455847671,4.6,3.0879559525017704,1.245,4.6627,0.02999999999999936,,,,4.33,0.32,0.0,0.0
2025-01-06,29.389999389648438,0.023536901421024714,0.07137568392325022,0.12062536394922518,1.0305347442626953,1.2426837682724,0.006349972449243069,16.040000915527344,0.005760634478527704,4.62,3.0879559525017704,1.245,4.6627,0.020000000000000462,,,,4.33,0.34,0.0,0.020000000000000018
2025-01-07,29.5,0.032874556112252984,0.07463595842002313,0.12481962990940998,1.0386372804641724,1.2510946989059448,0.006339425686746836,17.81999969482422,-0.011304021553249277,4.67,3.0879559525017704,1.245,4.6627,0.04999999999999982,,,,4.33,0.37,0.0,0.02999999999999997
2025-01-08,29.610000610351562,0.0339549006327744,0.07864309778720746,0.13107711488694562,1.034554123878479,1.247785210609436,0.006319674663245678,17.700000762939453,0.001460917568971487,4.67,3.0879559525017704,1.245,4.6627,0.0,,,,4.33,0.39,0.0,0.020000000000000018
2025-01-10,29.760000228881836,0.03745964194542095,0.07921721876896504,0.13307977252728653,1.0297601222991943,1.2299367189407349,0.0063271913677453995,19.540000915527344,-0.015267460962898771,4.77,3.0879559525017704,1.245,4.6627,0.08999999999999986,,,,4.33,0.37,0.0,-0.03999999999999998
2025-01-13,29.850000381469727,0.03817313600123762,0.08285675518347713,0.13858039295799895,1.0244431495666504,1.2204945087432861,0.006333644036203623,19.190000534057617,0.0015504803040384818,4.79,3.0879559525017704,1.245,4.6627,0.020000000000000462,,,,4.33,0.39,0.0,0.020000000000000018
2025-01-14,29.65999984741211,0.02814353112940471,0.07521775909103678,0.13050793746111022,1.0265253782272339,1.2233314514160156,0.006354693789035082,18.709999084472656,0.00137602434472206,4.78,3.0879559525017704,1.245,4.6627,-0.009999999999999787,,,,4.33,0.41,0.0,0.019999999999999962
2025-01-15,29.610000610351562,0.02301724349260259,0.0700646987863196,0.12736869953211505,1.0306835174560547,1.221344232559204,0.00632711173966527,16.1200008392334,0.01819002390432889,4.66,3.0879559525017704,1.245,4.6627,-0.1200000000000001,,,,4.33,0.39,0.0,-0.019999999999999962
2025-01-16,29.610000610351562,0.02267913341463812,0.06932519174493201,0.11759733858635824,1.0295268297195435,1.2243348360061646,0.006399794947355986,16.600000381469727,-0.0019231682808391604,4.61,3.0879559525017704,1.245,4.6627,-0.04999999999999982,,,,4.33,0.38,0.0,-0.010000000000000009
2025-01-17,29.719999313354492,0.02817724369900043,0.070338860337676,0.12093956453256482,1.0301949977874756,1.2236906290054321,0.00643682898953557,15.970000267028809,0.010039880559060466,4.61,3.0879559525017704,1.245,4.6627,0.0,,,,4.33,0.34,0.0,-0.03999999999999998
2025-01-21,29.34000015258789,0.014023984915359833,0.053386614604322924,0.10541045412947714,1.0420682430267334,1.233136773109436,0.006441265810281038,15.0600004196167,0.009153514761785386,4.57,3.0879559525017704,1.245,4.6627,0.0,,,,4.33,0.28,0.0,-0.03999999999999998
2025-01-22,29.389999389648438,0.004130150673375743,0.05808956790325648,0.10889320341956665,1.0405935049057007,1.2335399389266968,0.0064195566810667515,15.100000381469727,0.0056214062337258675,4.6,3.0879559525017704,1.245,4.6627,0.02999999999999936,,,,4.33,0.31,0.0,0.02999999999999997
2025-01-23,29.3799991607666,0.0018234801968632919,0.053014040728633915,0.10811588916957038,1.0410159826278687,1.231420874595642,0.00639222702011466,15.020000457763672,0.005458144884880722,4.65,3.0879559525017704,1.245,4.6627,0.05000000000000071,,,,4.33,0.36,0.0,0.04999999999999999
2025-01-24,29.200000762939453,0.0005826031078091098,0.045487114235639226,0.09855178144996368,1.041601538658142,1.2353914976119995,0.006403893698006868,14.850000381469727,-0.002919324164959991,4.63,3.0879559525017704,1.245,4.6627,-0.020000000000000462,,,,4.33,0.36,0.0,0.0
2025-01-27,29.209999084472656,-0.0027313700428147625,0.042274435132037436,0.10210173968468905,1.0467586517333984,1.2459352016448975,0.0064207930117845535,17.899999618530273,-0.01414535441927156,4.53,3.0879559525017704,1.245,4.6627,-0.09999999999999964,,,,4.33,0.36,0.0,0.0
2025-01-28,29.329999923706055,-0.0013619650794802762,0.05050149882635191,0.1034425624744768,1.0445064306259155,1.2460592985153198,0.006455402821302414,16.40999984741211,0.008592402569559843,4.55,3.0879559525017704,1.245,4.6627,0.019999999999999574,,,,4.33,0.36,0.0,0.0
2025-01-29,29.389999389648438,0.002729441322542936,0.04905535261604732,0.10569984050443848,1.0429050922393799,1.2441680431365967,0.006428428925573826,16.559999465942383,-0.004482948481435156,4.55,3.0879559525017704,1.245,4.6627,0.0,,,,4.33,0.34,0.0,-0.019999999999999962
2025-01-30,29.389999389648438,0.004442896778868777,0.04905535261604732,0.10569984050443848,1.0425245761871338,1.245530128479004,0.006444544997066259,15.84000015258789,0.005367081149522335,4.52,3.0879559525017704,1.245,4.6627,-0.03000000000000025,,,,4.33,0.34,0.0,0.0
2025-01-31,29.510000228881836,0.007511072259402507,0.05297910932335759,0.11101433614696421,1.0397279262542725,1.2423903942108154,0.006489418912678957,16.43000030517578,-0.0053219368053647464,4.58,3.0879559525017704,1.245,4.6627,0.0600000000000005,,,,4.33,0.36,0.0,0.019999999999999962
2025-02-03,29.639999389648438,0.007477882827463533,0.060151444397788634,0.11310186246682075,1.024779200553894,1.2291958332061768,0.006436538882553577,18.6200008392334,-0.006729567924630753,4.54,3.0879559525017704,1.245,4.6627,-0.040000000000000036,,,,4.33,0.28,0.0,-0.07999999999999996
2025-02-04,29.3700008392334,-0.010111197717867282,0.05121369226550265,0.10853880768686142,1.0327378511428833,1.2431780099868774,0.0064401039853692055,17.209999084472656,0.006708286863932544,4.52,3.0879559525017704,1.245,4.6627,-0.020000000000000462,,,,4.33,0.31,0.0,0.02999999999999997
2025-02-05,29.31999969482422,-0.008789730546059471,0.04512905934384204,0.0967495536375198,1.0372798442840576,1.2478163242340088,0.006487903650850058,15.770000457763672,0.004054529845545218,4.43,3.0879559525017704,1.245,4.6627,-0.08999999999999986,,,,4.33,0.26,0.0,-0.04999999999999999
2025-02-06,29.299999237060547,-0.003062271332322286,0.048349200094532474,0.09014881641339256,1.0400848388671875,1.2504063844680786,0.006552821956574917,15.5,0.0034756357468082033,4.45,3.0879559525017704,1.245,4.6627,0.020000000000000462,,,,4.33,0.24,0.0,-0.020000000000000018
2025-02-07,29.43000030517578,-0.002372871010990485,0.05734438861010549,0.09811311355123653,1.0385725498199463,1.2437502145767212,0.006614062935113907,16.540000915527344,-0.009153533876142705,4.49,3.0879559525017704,1.245,4.6627,0.040000000000000036,,,,4.33,0.2,0.0,-0.03999999999999998
2025-02-10,29.520000457763672,-0.0030395187684132408,0.04371482254804282,0.10265221758601606,1.0311616659164429,1.2391574382781982,0.006585619878023863,15.8100004196167,0.006791158501634698,4.51,3.0879559525017704,1.245,4.6627,0.019999999999999574,,,,4.33,0.23,0.0,0.03
2025-02-11,29.420000076293945,-0.011424736222210186,0.04869363320834763,0.09773997789511069,1.0301525592803955,1.2360633611679077,0.006589394994080067,16.020000457763672,0.0007606167523941387,4.54,3.0879559525017704,1.245,4.6627,0.03000000000000025,,,,4.33,0.25,0.0,0.01999999999999999
2025-02-12,29.440000534057617,-0.013735338096230953,0.04229667719900232,0.09927116405008496,1.0364949703216553,1.245159387588501,0.006547116208821535,15.890000343322754,-0.0032214918501909384,4.62,3.0879559525017704,1.245,4.6627,0.08000000000000007,,,,4.33,0.26,0.0,0.010000000000000009
2025-02-13,29.200000762939453,-0.01550907238163024,0.02788036036887709,0.08914232694495738,1.039198637008667,1.2450664043426514,0.006482771597802639,15.100000381469727,0.010557537580401899,4.52,3.0879559525017704,1.245,4.6627,-0.10000000000000053,,,,4.33,0.21,0.0,-0.05000000000000002
2025-02-14,29.1200008392334,-0.01654845528597737,0.020595520809135515,0.07769686506309337,1.0461673736572266,1.2563445568084717,0.00653641764074564,14.770000457763672,-4.919750337728512e-05,4.47,3.0879559525017704,1.245,4.6627,-0.04999999999999982,,,,4.33,0.21,0.0,0.0
2025-02-18,29.18000030517578,-0.014522130912265285,0.016901177211138485,0.0818327662430407,1.048536777496338,1.262148141860962,0.006603100802749395,15.350000381469727,0.002935829744165508,4.55,3.0879559525017704,1.245,4.6627,-0.04999999999999982,,,,4.33,0.26,0.0,0.0
2025-02-19,29.209999084472656,-0.017160169605140996,0.013889626336359706,0.08718722992387073,1.044833779335022,1.2625784873962402,0.006581935100257397,15.270000457763672,0.0023548836253795002,4.53,3.0879559525017704,1.245,4.6627,-0.019999999999999574,,,,4.33,0.25,0.0,-0.010000000000000009
2025-02-20,28.979999542236328,-0.012269959389206386,0.006909525259907401,0.0782427652990969,1.0421009063720703,1.2584155797958374,0.006612882018089294,15.65999984741211,-0.004160255274454183,4.5,3.0879559525017704,1.245,4.6627,-0.03000000000000025,,,,4.33,0.22,0.0,-0.03
2025-02-21,29.079999923706055,-0.010547787423621724,0.015447747779009147,0.08350633376295624,1.0500562191009521,1.2670401334762573,0.006693081930279732,18.209999084472656,-0.017104103285771943,4.42,3.0879559525017704,1.245,4.6627,-0.08000000000000007,,,,4.33,0.23,0.0,0.010000000000000009
2025-02-24,29.100000381469727,-0.009530251439584081,0.0164858015075946,0.08541237333798524,1.0474823713302612,1.2649900913238525,0.006694023031741381,18.979999542236328,-0.004550437416077302,4.4,3.0879559525017704,1.245,4.6627,-0.019999999999999574,,,,4.33,0.27,0.0,0.04000000000000001
2025-02-25,28.989999771118164,-0.007191814600492119,0.007591987768707176,0.0813094172560207,1.0461344718933105,1.261781930923462,0.006672716699540615,19.43000030517578,-0.004973172137566095,4.3,3.0879559525017704,1.245,4.6627,-0.10000000000000053,,,,4.33,0.23,0.0,-0.04000000000000001
2025-02-26,29.049999237060547,-0.005477571120403146,0.006330728115003126,0.08277450121709862,1.0524100065231323,1.2674431800842285,0.006707897875458002,19.100000381469727,0.0005047993020994568,4.25,3.0879559525017704,1.245,4.6627,-0.04999999999999982,,,,4.33,0.2,0.0,-0.03
2025-02-27,29.260000228881836,-0.0023866244461746566,0.008258354772679777,0.09255006549673928,1.0488777160644531,1.2682307958602905,0.006718714255839586,21.1299991607666,-0.015961937978493657,4.29,3.0879559525017704,1.245,4.6627,0.040000000000000036,,,,4.33,0.22,0.0,0.01999999999999999
