,CORN,COW.TO,CPER,GLD,USO,USO_mom_1m,USO_mom_3m,USO_mom_12m,GLD_mom_1m,GLD_mom_3m,GLD_mom_12m,CPER_mom_1m,CPER_mom_3m,CPER_mom_12m,CORN_mom_1m,CORN_mom_3m,CORN_mom_12m,COW.TO_mom_1m,COW.TO_mom_3m,COW.TO_mom_12m,CORN_ewma_1w_ewma_1m,CORN_ewma_1m,COW.TO_ewma_1w_ewma_1m,COW.TO_ewma_1m,CPER_ewma_1w_ewma_1m,CPER_ewma_1m,GLD_ewma_1w_ewma_1m,GLD_ewma_1m,USO_ewma_1w_ewma_1m,USO_ewma_1m,CORN_ewma_1w_1w,CORN,COW.TO_ewma_1w_1w,COW.TO,CPER_ewma_1w_1w,CPER,GLD_ewma_1w_1w,GLD,USO_ewma_1w_1w,USO,CORN_vol_1m,CORN_vol_3m,COW.TO_vol_1m,COW.TO_vol_3m,CPER_vol_1m,CPER_vol_3m,GLD_vol_1m,GLD_vol_3m,USO_vol_1m,USO_vol_3m,USD_Index,WTI_Oil,Copper_Spot,VIX,MOVE,USD_Index_weekly_change,WTI_Oil_weekly_change,VIX_weekly_change,MOVE_weekly_change
2023-11-03,22.309999465942383,59.73044967651367,22.850000381469727,184.7899932861328,74.8499984741211,0.011623200907979525,0.013952841825453088,0.044370034692615246,0.09453291051343471,0.027867363115217092,0.16476520892086643,0.03581146575941663,-0.03951242109638142,0.032068699701647274,-0.021920210947244834,-0.01501104451718105,-0.1603312110579992,0.004948888929251716,-0.06693218236143106,-0.1363967188546723,0.0027247574002363865,-0.0001747170425086799,0.009787624260172954,0.0017502126202658768,0.0013039892899670534,0.0011655521500832738,0.0013081422196411067,0.0019359209509292015,-0.005171829314825501,-0.0028443731939392617,0.0027247574002363865,0.0027247574002363865,0.009787624260172954,0.009787624260172954,0.0013039892899670534,0.0013039892899670534,0.0013081422196411067,0.0013081422196411067,-0.005171829314825501,-0.005171829314825501,0.13902889014698325,0.1623262023113821,0.17469425831140603,0.14013313059297644,0.13101306076871091,0.14422965224638443,0.14735394889431938,0.11429494448424742,0.3370141385620159,0.2682284058842175,122.1006,81.19,8189.58772727273,14.90999984741211,118.73999786376953,-0.014638319163616909,-0.05636913063691318,-0.29901271619531755,-0.08067517422498094
2023-11-10,21.729999542236328,58.004817962646484,22.450000762939453,179.50999450683594,71.79000091552734,-0.04813043412287754,-0.02736752079503646,-0.0034702942368524115,0.03607295508573616,0.013837100316413498,0.0871487391907666,0.00989659132853915,-0.02729632421356787,-0.010577336512527902,-0.04901535319630301,-0.023809554411317713,-0.18216033903570994,-0.01955579839813315,-0.08193666156524648,-0.1628629534630086,-0.0049726608135130706,-0.00216360455734998,-0.0013804904068866065,-0.0008856586313877266,-0.00458771420924329,-0.00082723720802464,-0.00497838834975804,-0.000976428656397177,-0.0005534660504777621,-0.004173163018467182,-0.0049726608135130706,-0.0049726608135130706,-0.0013804904068866065,-0.0013804904068866065,-0.00458771420924329,-0.00458771420924329,-0.00497838834975804,-0.00497838834975804,-0.0005534660504777621,-0.0005534660504777621,0.13991810921705658,0.16434996278141464,0.16874694153734263,0.14290400871181094,0.12926461492114116,0.14485477416613507,0.15633656922110137,0.11863196499700063,0.35153107069454237,0.2852980168529264,122.4434,76.34,8189.58772727273,14.170000076293945,116.79000091552734,0.0028075210113627236,-0.059736420741470564,-0.049631105210682036,-0.01642241016779722
2023-11-17,22.06999969482422,59.7010383605957,23.290000915527344,183.6699981689453,70.75,-0.13381489060160034,-0.025213582045842342,0.04954748785702878,0.0031678510167443275,0.04470735862294739,0.12625702788022508,0.042991535830778416,0.008225131208656977,0.06056474893002606,-0.04458877357732638,-0.001357497109849004,-0.1640151509951845,0.007612072543216719,-0.04019543370247047,-0.16204465941422097,-0.0018229754000020505,-0.0006028879992003593,0.002330845960444626,0.0014020936233106423,0.005167197952357436,0.002170469387941797,0.00267336944528081,0.0010736211343558117,0.0008778890078711665,-0.003428994550827965,-0.0018229754000020505,-0.0018229754000020505,0.002330845960444626,0.002330845960444626,0.005167197952357436,0.005167197952357436,0.00267336944528081,0.00267336944528081,0.0008778890078711665,0.0008778890078711665,0.1637111209459876,0.16201342254806958,0.1851594353859051,0.1521227689264787,0.14913417800374518,0.14729535592713705,0.10205444872766495,0.12143363239223467,0.35967044394251063,0.3094981793872313,121.1657,76.47,8189.58772727273,13.800000190734863,113.11000061035156,-0.010435025489328065,0.0017029080429655785,-0.02611149495885201,-0.03150954941628503
2023-11-24,21.93000030517578,59.38728332519531,23.729999542236328,185.52000427246094,70.81999969482422,-0.07894394255439952,-0.021958346732098954,0.00840091570111512,0.008206129072890755,0.041486550199727024,0.12565989333568384,0.06079564827810424,0.014102561072040887,0.03987729446019683,-0.009932249080963684,-0.03349494098693728,-0.16994700068706425,0.026610124929349777,-0.0489873512059299,-0.17987307435309197,-0.003289133328054672,-0.0010443543418591761,3.129461440175553e-05,0.0005306905654173522,0.0034020796475131405,0.0026543783696379637,0.0024133810738357305,0.0014553684002118412,-0.003684192344847015,-0.0025074400097687623,-0.003289133328054672,-0.003289133328054672,3.129461440175553e-05,3.129461440175553e-05,0.0034020796475131405,0.0034020796475131405,0.0024133810738357305,0.0024133810738357305,-0.003684192344847015,-0.003684192344847015,0.15395669658571248,0.15419939632111657,0.1630234601350371,0.15014778686343921,0.13981821104995426,0.1479919295842655,0.10935274939239412,0.1223133903001484,0.3478338906974665,0.3119966277324708,120.5285,74.83,8189.58772727273,12.460000038146973,107.43000030517578,-0.0052589140326017025,-0.021446318817837096,-0.09710145899038092,-0.05021660573358677
2023-12-01,22.040000915527344,59.38728332519531,24.239999771118164,192.00999450683594,69.23999786376953,-0.0911000579365282,-0.10956795316870549,0.08782397806570108,0.04285248532961705,0.0748432331105473,0.15439182584669853,0.05620910524159339,0.02624889542149944,0.0421323960702058,0.004100234599528907,-0.014751895901911949,-0.14341230829218532,0.014912836779434224,-0.05976414774415251,-0.15962722216992087,0.0029829526659846325,5.923000178405147e-05,0.00430352400473563,0.0007966136394243956,0.007504015717844665,0.0036222822838240863,0.007128309819299805,0.003569447869503794,-0.008400125592658013,-0.003592079138948499,0.0029829526659846325,0.0029829526659846325,0.00430352400473563,0.00430352400473563,0.007504015717844665,0.007504015717844665,0.007128309819299805,0.007128309819299805,-0.008400125592658013,-0.008400125592658013,0.16098242340578145,0.1526763622434765,0.16691342812448676,0.14536762915947946,0.15461376744713823,0.15297356575528098,0.12241903838129839,0.1273753943150688,0.35045338504397183,0.315908373077297,120.2542,73.7,8407.90047619048,12.630000114440918,111.51000213623047,-0.002275810285534141,-0.01510089536282233,0.013643665792414161,0.0379782353110365
2023-12-08,22.170000076293945,59.87752151489258,23.729999542236328,185.63999938964844,66.52999877929688,-0.052953754031361155,-0.16524465085610995,-0.012321879803058322,0.022866239301759794,0.04591804408275979,0.10434260945434892,0.048608061081009124,0.015404308518404797,0.018454949324282932,0.011866738050778425,0.008185552844443222,-0.14632265450644355,0.03701816398257485,-0.03339668549332009,-0.1253728434146255,0.0012187319933497217,0.0004584966765533919,0.00373620719024269,0.0012991094409765273,0.003754304006881126,0.0013837170010167228,-0.004391528233534634,-0.00018318888511430797,-0.0008334301730641239,-0.00451451035718966,0.0012187319933497217,0.0012187319933497217,0.00373620719024269,0.00373620719024269,0.003754304006881126,0.003754304006881126,-0.004391528233534634,-0.004391528233534634,-0.0008334301730641239,-0.0008334301730641239,0.14720619572569826,0.15220346733706394,0.13889386614466254,0.14564996462343519,0.18672718644010053,0.15652970447851622,0.14716611148772957,0.13773690432564337,0.35544397251045273,0.32733667319578036,121.0499,70.87,8407.90047619048,12.350000381469727,121.6500015258789,0.00661681670993608,-0.03839891451831745,-0.022169416503096007,0.090933541345112
2023-12-15,21.979999542236328,60.632484436035156,23.950000762939453,187.0,67.1500015258789,-0.01322559126403533,-0.17607360090946123,-0.013370497580923568,0.018019475826669407,0.043410326561241774,0.10781988518484598,0.04130438099736744,0.03545186476114304,0.03814482356983584,-0.013022043536880301,0.0004551765677915931,-0.16457620720635624,0.017105245644499334,-0.00897447360325343,-0.11222039825532193,-0.00032940329479450936,-0.0002544149627908223,0.0009534894287729113,0.0016703101561679928,0.0036371533636911156,0.0018086585828828408,0.000230678910815276,0.0005097232106970385,0.005052671644792697,-0.0015940900809245952,-0.00032940329479450936,-0.00032940329479450936,0.0009534894287729113,0.0009534894287729113,0.0036371533636911156,0.0036371533636911156,0.000230678910815276,0.000230678910815276,0.005052671644792697,0.005052671644792697,0.11021390833218384,0.1517331475490331,0.13096396095628696,0.14848938483196106,0.186431478467729,0.15969458512527074,0.16320123111319568,0.14726319533451246,0.34543380515094047,0.34036351906840334,120.062,71.05,8407.90047619048,12.279999732971191,115.75,-0.008161097200410694,0.0025398617186396244,-0.005668068529258163,-0.04849980642724272
2023-12-22,21.6200008392334,61.16194152832031,24.09000015258789,190.27000427246094,68.69000244140625,-0.04077640195583543,-0.15071705274441727,0.002334797387413934,0.030938484988082937,0.0793624097460972,0.1268581426986357,0.022929975924480983,0.06876660044821836,0.04015545385591612,-0.023927710538355407,-0.022603977442585355,-0.19807115825589094,0.031244784115526558,0.017286380777002952,-0.08597198291391928,-0.0013665433769061836,-0.0012262573695613085,0.002920963863247843,0.0018127191946064232,0.0007275629178349081,0.001528845605826381,0.0032452296587226676,0.0016424524173165123,0.001345276963059447,0.0003764809322880531,-0.0013665433769061836,-0.0013665433769061836,0.002920963863247843,0.002920963863247843,0.0007275629178349081,0.0007275629178349081,0.0032452296587226676,0.0032452296587226676,0.001345276963059447,0.001345276963059447,0.1145484120194388,0.14846469863053252,0.15049342959370318,0.154175252466098,0.18774206912514568,0.16286234064180696,0.16314810697157714,0.14651483131915746,0.31407477259717415,0.34311649475670813,119.4214,73.29,8407.90047619048,13.029999732971191,111.37999725341797,-0.005335576618746951,0.03152709359605921,0.061074919894850366,-0.03775380342619461
2023-12-29,21.56999969482422,61.06714630126953,24.139999389648438,191.1699981689453,66.6500015258789,-0.08094312450231933,-0.16047358561172487,0.02886697718153819,0.008599793925031074,0.1268494255625605,0.12110012537584347,0.018565342301466448,0.07146021544319092,0.04141497290050955,-0.007363085631967858,-0.04218475770998242,-0.1681450273443028,0.04642667764141839,0.0212053198359885,-0.07668977039844649,-0.0026725942988085004,-0.0012141444079030212,6.156982503856556e-06,0.0010919269512018482,-0.001226759457859008,0.0010427762931637303,0.0002513711348587297,0.0013602034636778255,-0.008510852242326903,-0.0024155894152629817,-0.0026725942988085004,-0.0026725942988085004,6.156982503856556e-06,6.156982503856556e-06,-0.001226759457859008,-0.001226759457859008,0.0002513711348587297,0.0002513711348587297,-0.008510852242326903,-0.008510852242326903,0.11688730107139193,0.13704939526467713,0.14087308949584026,0.15167633601022695,0.19183761356997428,0.15749287156207573,0.15946074224310705,0.1406307897099912,0.3212469128511998,0.3442014448058319,118.7686,71.89,8407.90047619048,12.449999809265137,114.62000274658203,-0.005466356951099205,-0.019102196752626588,-0.04451265814215022,0.029089653196814336
2024-01-05,21.229999542236328,60.643409729003906,23.649999618530273,189.35000610351562,69.02999877929688,0.021456006347366996,-0.06917481970721073,0.014401112176199105,0.011755342125461699,0.11579263116466998,0.08435466383126866,0.01068376085792866,0.05345206302049599,-0.06669299620683,-0.04669963601930616,-0.06640282515744222,-0.1828329516433519,0.024873973936970772,0.023517068397592045,-0.10204517602445196,-0.004109319602282403,-0.002088879233698815,-0.0018548699796889464,0.00012910238068938743,-0.005001057290039556,-0.0009518706935713048,-0.001141848494190606,0.0002393361067519958,0.007647811166067821,0.001425636555203001,-0.004109319602282403,-0.004109319602282403,-0.0018548699796889464,-0.0018548699796889464,-0.005001057290039556,-0.005001057290039556,-0.001141848494190606,-0.001141848494190606,0.007647811166067821,0.007647811166067821,0.11437091904428352,0.13496191672144536,0.14080453600004303,0.15384297117373916,0.1621460855163208,0.15415731021710768,0.12769704416470165,0.14170149944597651,0.33689623418143,0.3381488486799771,119.7474,74.0,8351.33956521739,13.350000381469727,116.19000244140625,0.008241235478064102,0.029350396439004056,0.07228920369418956,0.01369743201189233
2024-01-12,20.610000610351562,59.13570022583008,23.25,189.7100067138672,68.0199966430664,0.05867699055356268,-0.1388783582400216,-0.021435843006361144,0.03389831072262317,0.060839930500538264,0.0713237223413985,-0.00768247131162092,0.050135530304962206,-0.09073131492034492,-0.06784260328322755,-0.09605257456102123,-0.22895619291779246,-0.008981203713612551,0.00022234233325124642,-0.1349227164979917,-0.007676192826347909,-0.0036806123994351176,-0.004488872888134028,-0.0018233645593766698,-0.004861832925546181,-0.001980475542527014,0.00273075521615662,0.0005666411924410666,0.0036086777997367454,0.0004631512973351273,-0.007676192826347909,-0.007676192826347909,-0.004488872888134028,-0.004488872888134028,-0.004861832925546181,-0.004861832925546181,0.00273075521615662,0.00273075521615662,0.0036086777997367454,0.0036086777997367454,0.1265617553013131,0.1390380410878292,0.14768172759606824,0.15100211750523937,0.15307914110071838,0.15775280579866297,0.11753506664883608,0.12444027843118197,0.3026096760515745,0.32473598685789534,119.9009,72.94,8351.33956521739,12.699999809265137,106.51000213623047,0.0012818649924757342,-0.0143243243243244,-0.048689180047276515,-0.08331181772766838
2024-01-19,20.420000076293945,59.12584686279297,23.610000610351562,187.92999267578125,68.81999969482422,-0.007785480259161814,-0.14721186744328296,-0.023968265355332696,-0.006344906551315255,0.023639612312552183,0.03765662880263876,-0.02357318807403852,0.06929350959837777,-0.0877124661524834,-0.05681291288262058,-0.10438593159678711,-0.22710068064623745,-0.03745642094681034,0.01880982501788231,-0.1333465963658843,-0.001000638074823591,-0.0028262445591971702,-0.000409898722904152,-0.001133747025921503,0.003391469200253102,7.10629905040137e-05,0.0006162798779005039,-0.00017175483280517954,0.0033821599238838024,0.0013317411974200298,-0.001000638074823591,-0.001000638074823591,-0.000409898722904152,-0.000409898722904152,0.003391469200253102,0.003391469200253102,0.0006162798779005039,0.0006162798779005039,0.0033821599238838024,0.0033821599238838024,0.12791888226933476,0.13267371738113576,0.10637217284801986,0.14056874766508545,0.13933662229186153,0.1577651416068502,0.09675410438528904,0.12349604759640262,0.2828260901793206,0.3218342452341572,120.9947,73.69,8351.33956521739,13.300000190734863,104.97000122070312,0.009122533692407675,0.010282423910063176,0.04724412523471089,-0.014458744574595173
2024-01-26,20.399999618530273,58.682403564453125,24.020000457763672,187.00999450683594,73.0999984741211,0.06065003505846356,-0.06712611147600744,0.0852137442363301,-0.028973477008976234,0.004619933594141257,0.029393936212432026,-0.020790877073211367,0.06001767959000581,-0.05581761189009926,-0.06163754216631112,-0.08396950160732874,-0.23566881939552697,-0.04115537758958965,0.024496492437938056,-0.15260729902045955,-0.0023568310814540212,-0.002005061103419122,0.0006924617794772445,-0.001026394629613963,0.0028398108292402853,0.0013776382612916216,-0.0003536052977658177,-0.0004295685516709894,0.012445712704734296,0.005606560246964378,-0.0023568310814540212,-0.0023568310814540212,0.0006924617794772445,0.0006924617794772445,0.0028398108292402853,0.0028398108292402853,-0.0003536052977658177,-0.0003536052977658177,0.012445712704734296,0.012445712704734296,0.12091895957171285,0.13248146030926664,0.09288977034959457,0.1374526939856154,0.15022635663071754,0.15984175657314476,0.08981426467720892,0.12277495181140055,0.2811456005137537,0.3157434115506855,120.9665,78.45,8351.33956521739,13.260000228881836,100.2300033569336,-0.00023306806000589209,0.06459492468448924,-0.003007515885668388,-0.04515573791223948
2024-02-02,20.360000610351562,60.08171463012695,23.790000915527344,188.61000061035156,67.51000213623047,-0.0008879319056492863,-0.09806274532428194,-0.017035500345755517,-0.0037502994210816265,0.020672154678331278,0.08141733071545798,-0.00460245626605138,0.04113787826541637,-0.03174598245767113,-0.05081585612207318,-0.08740470202913342,-0.23487410209110204,-0.009101197240190761,0.005880835579100019,-0.11201896562280722,-0.0017525122314552748,-0.0014667944349628112,0.006031311690520948,0.001362122290249986,-0.003881941671091007,-0.00016584432511764524,-0.0003952779787573333,0.00021023496925279264,-0.015436062823642557,-0.0028495483578037713,-0.0017525122314552748,-0.0017525122314552748,0.006031311690520948,0.006031311690520948,-0.003881941671091007,-0.003881941671091007,-0.0003952779787573333,-0.0003952779787573333,-0.015436062823642557,-0.015436062823642557,0.1347279777922455,0.1328114544807945,0.1383898481587513,0.14172813638187806,0.15375081543974764,0.16280278872511134,0.1014838501653297,0.12517992735666272,0.2823732504690445,0.3180983716913568,121.2438,72.72,8304.95047619048,13.850000381469727,106.72000122070312,0.002292370201667282,-0.07304015296367117,0.04449473170466467,0.06475104905122775
2024-02-09,19.93000030517578,58.78094482421875,22.950000762939453,187.60000610351562,71.66999816894531,0.059423452363539075,-0.0016715802347353481,0.03839469218729841,-0.0014371055553786816,0.0450671931604989,0.09778223871232217,-0.02423468043071697,0.022271714165168488,-0.0640293501433078,-0.049141165280866206,-0.0828347572470911,-0.24877497967016604,-0.011107389616156316,0.013380386127098465,-0.137176386662329,-0.004666373690537786,-0.0026149924059710107,-0.0015515074861644541,-0.0006451148613463299,-0.006777010376432922,-0.0028159068332258975,-0.0014308446485922987,-0.0003018173098087343,0.0082681478364944,0.0028347614421844274,-0.004666373690537786,-0.004666373690537786,-0.0015515074861644541,-0.0015515074861644541,-0.006777010376432922,-0.006777010376432922,-0.0014308446485922987,-0.0014308446485922987,0.0082681478364944,0.0082681478364944,0.11687472173718519,0.12838540838629364,0.13814280273293583,0.1400178991516904,0.14901925038616157,0.16251240866527905,0.10171594119877427,0.12081784958591625,0.245341882482374,0.3090397282983012,121.3851,77.26,8304.95047619048,12.930000305175781,106.20999908447266,0.0011654204173738858,0.062431243124312585,-0.0664259964588042,-0.0047788805322045436
2024-02-16,19.450000762939453,59.65797805786133,23.84000015258789,186.33999633789062,73.41000366210938,0.06298879608017471,0.03759722490613959,0.10590549411825156,-0.005497138315303296,0.014536931428993372,0.098897141530504,0.018368231865807383,0.0236152518437156,-0.03286001941085137,-0.044226024651566775,-0.11871313856425647,-0.25450361635930496,0.008999975870167543,-0.0007212655577997218,-0.13743331081174248,-0.005218162462925581,-0.003557550090683447,0.0012837643436472387,0.0006259572560492555,0.008991155085920475,0.0014663381384940992,0.0009044726742729946,-0.000447512601770029,0.006604525142927298,0.0037167014826086017,-0.005218162462925581,-0.005218162462925581,0.0012837643436472387,0.0012837643436472387,0.008991155085920475,0.008991155085920475,0.0009044726742729946,0.0009044726742729946,0.006604525142927298,0.006604525142927298,0.11981532726841518,0.11823230315783147,0.174444681496209,0.14234109330361577,0.1684516806995335,0.16452031980171306,0.09396533023190948,0.12149298146008386,0.24926236994127288,0.28418484696267093,121.4984,79.65,8304.95047619048,14.239999771118164,109.19999694824219,0.000933392978215597,0.03093450685995336,0.10131472815340925,0.02815175491519839
2024-02-23,18.899999618530273,59.78608322143555,24.1299991607666,188.6199951171875,71.91999816894531,0.0195633291112447,0.0043289701990163465,0.05655940195947773,0.011909878183451017,0.021998253209256635,0.10459124610499204,0.0012447626067235706,0.02462844766437655,-0.04962584715128193,-0.08563137161250689,-0.1467268648294292,-0.24970229385359,0.02396616747060243,0.008046588191678028,-0.12726460629364844,-0.008008522402337652,-0.004828700772185924,0.0009397806459733074,0.0006301252166743107,0.0023176718948897082,0.0017959307762103322,0.002764158157907874,0.000661582118057483,-0.004826086069978462,0.0008031621280873881,-0.008008522402337652,-0.008008522402337652,0.0009397806459733074,0.0009397806459733074,0.0023176718948897082,0.0023176718948897082,0.002764158157907874,0.002764158157907874,-0.004826086069978462,-0.004826086069978462,0.12262302481068743,0.12346571410826064,0.16790939305161937,0.1405736221001688,0.1447336107984088,0.16248134206811532,0.09101540188735457,0.12026337050987088,0.2660488888605166,0.28582060519396046,121.3991,77.6,8304.95047619048,13.75,108.30999755859375,-0.0008172947133460173,-0.025737602008788607,-0.03441009683946705,-0.008150177788652124
2024-03-01,19.299999237060547,60.653263092041016,24.010000228881836,192.88999938964844,74.95999908447266,0.0569656094167299,0.06871969969728253,0.11713861086573618,0.023560639497519853,0.021933771600786356,0.14447613073163157,-0.007441103811566929,0.008823571367778893,-0.021597419187957656,-0.05991239203343335,-0.12072899470478327,-0.22051700086223558,0.04110289841796444,0.03706935720427107,-0.12926587400465905,-0.002182006122676316,-0.0018816506848932009,0.0029162677215113977,0.0015305521121826526,0.001303684318666963,0.0009574597270490724,0.007828460108805902,0.0024806271918542825,0.007623098466612435,0.0037013365550603006,-0.002182006122676316,-0.002182006122676316,0.0029162677215113977,0.0029162677215113977,0.001303684318666963,0.001303684318666963,0.007828460108805902,0.007828460108805902,0.007623098466612435,0.007623098466612435,0.1407822990811044,0.129941310703922,0.157983798111239,0.13905412288970095,0.1481520087839372,0.16211000231124512,0.11012778395344351,0.1223366692071149,0.2414758210758028,0.2768913331867287,121.3741,80.9,8692.81904761905,13.109999656677246,106.4800033569336,-0.00020593233393007004,0.04252577319587636,-0.04654547951438215,-0.016895893665496264
2024-03-08,19.979999542236328,60.74195098876953,24.25,201.6300048828125,73.36000061035156,0.05675601476994552,0.12670864571745022,0.22225924776483974,0.06965519831730771,0.07164502483983348,0.13141797478605288,0.0412193665407985,0.03367437964011755,0.0232067181162543,-0.008436728511776792,-0.09918849110322492,-0.1871440356284656,0.026990995992686617,0.020788308687094137,-0.04755092071173883,0.00681476762905187,0.0015903954491011205,0.002121950722579693,0.001228561114700327,0.001477394295039905,0.0013651012452450223,0.007988199414858989,0.0048111859989541685,-0.0030183809598734036,0.0007171171430590803,0.00681476762905187,0.00681476762905187,0.002121950722579693,0.002121950722579693,0.001477394295039905,0.001477394295039905,0.007988199414858989,0.007988199414858989,-0.0030183809598734036,-0.0030183809598734036,0.17405965005511123,0.13806600634834332,0.12610094084192666,0.13532959435069516,0.14079426120495483,0.14742958861623184,0.11132088178017288,0.11553855390959829,0.21541285301602942,0.2626409743155383,120.3612,78.96,8692.81904761905,14.739999771118164,100.87999725341797,-0.00834527300305421,-0.023980222496909898,0.12433258254211466,-0.05259209172584023
2024-03-15,19.950000762939453,61.76679992675781,25.709999084472656,199.7100067138672,76.33000183105469,0.066806409160306,0.13653957219956014,0.23892227032748803,0.08290862540251664,0.058178409552763766,0.08869387296076736,0.11636987919766795,0.07259073095378654,0.04257904475091623,0.011150594313606765,-0.09111616995370753,-0.1843826038569304,0.03774831415047131,0.004735321632288514,-0.032069151017945274,0.0006021308493434659,0.0008280069134093411,0.003662312248011616,0.002069096031417389,0.01163141173305556,0.005456369773652331,-0.0008622645655620051,0.0022450718815136377,0.006699967209130949,0.003564585284209696,0.0006021308493434659,0.0006021308493434659,0.003662312248011616,0.003662312248011616,0.01163141173305556,0.01163141173305556,-0.0008622645655620051,-0.0008622645655620051,0.006699967209130949,0.006699967209130949,0.17239562961262492,0.13905483743501904,0.07429148820883308,0.13163333041174657,0.16920158757046797,0.15809502412403745,0.10549929564119367,0.1041151748217296,0.20187072271395196,0.2450294284174972,120.7884,81.94,8692.81904761905,14.40999984741211,97.81999969482422,0.0035493165571629515,0.037740628166160084,-0.022388054873152874,-0.0303330456176244
2024-03-22,20.100000381469727,63.35334396362305,24.979999542236328,200.35000610351562,76.68000030517578,0.041847851833008765,0.11082140607212732,0.19532343696425514,0.06819155849544245,0.05764669719659721,0.09762782799207437,0.027560678363345747,0.03010307390665279,0.0024076832166408657,0.05290729286583673,-0.07202213651579359,-0.20521946801793522,0.06036618029488783,0.046228080343306166,-0.017355806125425532,0.0007631252735558758,0.0010376479892506827,0.003826928316727396,0.0031422371076762997,-0.0054418921817682145,0.0010411705886641082,-0.0012613545935691894,0.0014949078557826795,-0.0011978087229474153,0.002193619913797745,0.0007631252735558758,0.0007631252735558758,0.003826928316727396,0.003826928316727396,-0.0054418921817682145,-0.0054418921817682145,-0.0012613545935691894,-0.0012613545935691894,-0.0011978087229474153,-0.0011978087229474153,0.14371428150768734,0.1376686555334259,0.08782721390955389,0.12527686919622555,0.18558985726606797,0.1616172691017314,0.1174200096748982,0.10375081917174453,0.20711146389466942,0.24690967385777088,121.5694,81.1,8692.81904761905,13.0600004196167,91.04000091552734,0.0064658526812177985,-0.01025140346595077,-0.09368490229636306,-0.06931096708698536
2024-03-29,20.18000030517578,64.57527923583984,25.1200008392334,205.72000122070312,78.7300033569336,0.06941049198193361,0.17192621314811096,0.12039287203668803,0.09227994701471687,0.07442419130490507,0.09437177304162025,0.052366986009714234,0.03758784754950195,0.03417043608160086,0.02959183226620743,-0.07132992497527824,-0.1908580644327439,0.07005223640816394,0.05574353548143107,0.019997603056951974,0.006107767662997432,0.0014989184475609689,0.005847915491306743,0.0038063612261812476,6.758614824492947e-05,0.001145537584274875,0.0064544897290288354,0.0032533279451659545,0.0061381973134403715,0.0036722952018872425,0.006107767662997432,0.006107767662997432,0.005847915491306743,0.005847915491306743,6.758614824492947e-05,6.758614824492947e-05,0.0064544897290288354,0.0064544897290288354,0.0061381973134403715,0.0061381973134403715,0.17959376660314472,0.15381841911975885,0.09884625030235632,0.1281855205793154,0.17464187824824115,0.15686736078735797,0.11913563682212235,0.10520229237305946,0.1901167539573774,0.2365471918962928,121.4062,83.96,8692.81904761905,13.010000228881836,86.37999725341797,-0.001342443081894018,0.0352651048088779,-0.003828498401865388,-0.05118633145042717
2024-04-05,19.90999984741211,64.48658752441406,26.540000915527344,215.13999938964844,82.4000015258789,0.10842084456601131,0.19368394876159112,0.13765016124113805,0.08213873563497165,0.13620275920156932,0.14931351345535138,0.10261741803155289,0.12219878831341258,0.06543561132476583,0.022073938156079498,-0.06217615276901567,-0.19782433149811862,0.0713817309490643,0.0633733791121589,0.013013549516116996,-0.0004919426290173091,6.030433353031886e-05,0.003052191986524765,0.002538535590243712,0.008814781726840875,0.0048554971912102285,0.00871107405383303,0.005403849255342601,0.007142902843389296,0.005590677651519851,-0.0004919426290173091,-0.0004919426290173091,0.003052191986524765,0.003052191986524765,0.008814781726840875,0.008814781726840875,0.00871107405383303,0.00871107405383303,0.007142902843389296,0.007142902843389296,0.17492645204131368,0.15488171065877976,0.10452946541784638,0.1272528126014304,0.20414325496183636,0.16833822685576913,0.12178598043117014,0.11384569121797092,0.1685494028169153,0.22141628458250825,121.3671,87.69,9445.59363636363,16.030000686645508,94.30999755859375,-0.00032205933469631187,0.044425917103382506,0.2321291625390871,0.09180366470620593
2024-04-12,19.920000076293945,63.097129821777344,26.709999084472656,216.88999938964844,81.52999877929688,0.08576378686220032,0.19861809472182035,0.17647900705581354,0.07803567154294644,0.1432712651619683,0.17010141710981452,0.05740296288409841,0.148817164923555,0.07312172516891025,-0.0064837489133819926,-0.03347891866199448,-0.2082670827860572,0.023497417856309877,0.06698880001114693,-0.019856334776875206,0.002019840298505012,0.00025864791370542326,-0.0068243773009698215,-0.0003825132924216625,0.0011508952547614572,0.0033390195571831346,0.0006035006651061974,0.0038090063899825846,-0.0003082821683193949,0.0027525377650155594,0.002019840298505012,0.002019840298505012,-0.0068243773009698215,-0.0068243773009698215,0.0011508952547614572,0.0011508952547614572,0.0006035006651061974,0.0006035006651061974,-0.0003082821683193949,-0.0003082821683193949,0.17120672875405912,0.15108849897721238,0.13532139380941494,0.13108030758123473,0.1765331675201684,0.16311012826246685,0.14371865081093627,0.12274468209728852,0.16108095200714398,0.20426787212728872,122.6566,86.46,9445.59363636363,17.309999465942383,112.81999969482422,0.010624790408603424,-0.014026684912760934,0.07985020115209562,0.1962676557671461
2024-04-19,19.700000762939453,63.57014083862305,28.100000381469727,221.02999877929688,78.8499984741211,0.020711954357554685,0.14574249961891828,0.2063953142257624,0.09323378566811891,0.17612944922857565,0.19643819533975093,0.10066586861349203,0.19017364062030429,0.19017364062030429,-0.018924261066255332,-0.035259515703447875,-0.18223326533174955,0.013511433357147773,0.07516668617268984,0.02659539046005155,0.0006544725269846749,-0.0004613317868042042,0.002547090093819299,0.0005529246767893097,0.01034354674851721,0.006084504531543754,0.00214394547190379,0.003624237215916457,-0.0048088830520325076,-0.0007581223674031783,0.0006544725269846749,0.0006544725269846749,0.002547090093819299,0.002547090093819299,0.01034354674851721,0.01034354674851721,0.00214394547190379,0.00214394547190379,-0.0048088830520325076,-0.0048088830520325076,0.173622090202301,0.15264417003839464,0.13047556619642528,0.13144670967210936,0.1930631504668035,0.17708347074177958,0.14983009455988042,0.12281496307914624,0.1698046742544653,0.2103761006815382,123.4459,83.79,9445.59363636363,18.709999084472656,111.26000213623047,0.006435038962436579,-0.0308813324080498,0.08087808559929699,-0.013827313976365052
2024-04-26,20.040000915527344,62.860626220703125,28.549999237060547,216.6199951171875,80.38999938964844,0.03715645947675417,0.09972641679477134,0.3329464029037492,0.06656813691468355,0.1583337868568795,0.14547086044126467,0.1397205631376579,0.18859278488617615,0.2107718121049662,0.025588535136796153,-0.017646995575231528,-0.14687096165206115,-0.02147576464686385,0.07120060533411676,0.016410066116933963,0.00036119717474190183,0.0007081003299389019,-0.0012693320741187163,-0.00048776269064456593,0.0068473689967385775,0.005315704591416728,0.0005432864803967117,0.0011964237519201232,0.002207983127782548,0.0009688150267146574,0.00036119717474190183,0.00036119717474190183,-0.0012693320741187163,-0.0012693320741187163,0.0068473689967385775,0.0068473689967385775,0.0005432864803967117,0.0005432864803967117,0.002207983127782548,0.002207983127782548,0.17780998975713114,0.15640956554826263,0.10908597155580899,0.13041923862014088,0.18917997398138098,0.17590776796408675,0.17714177268430312,0.13277863721299932,0.1708992396462712,0.20521485748781146,123.3004,85.38,9445.59363636363,15.029999732971191,104.4000015258789,-0.0011786539690665787,0.018976011457214392,-0.1966862389937517,-0.061657383413959876
2024-05-03,20.530000686645508,62.229949951171875,28.3700008392334,212.9600067138672,75.12999725341797,-0.086787403439747,0.11287209118747898,0.1667960547534364,0.0068078782730705,0.12910241251639776,0.12826493623240887,0.08035036526888129,0.1925178540332364,0.2005925453580517,0.026500034332275435,0.008349708801458133,-0.1154674064429434,-0.02726433642808357,0.03575522659880481,0.04861054285939259,0.006318761853032121,0.0025426916585976986,-0.0019591890604849127,-0.0011054002216799922,0.0012944587281045392,0.0029241570860417242,-0.0016406469513083482,-0.00039175674019332807,-0.009972434117766214,-0.004354379216574812,0.006318761853032121,0.006318761853032121,-0.0019591890604849127,-0.0019591890604849127,0.0012944587281045392,0.0012944587281045392,-0.0016406469513083482,-0.0016406469513083482,-0.009972434117766214,-0.009972434117766214,0.1408542406544823,0.15729470011527416,0.11459447631756296,0.11954623040724932,0.21352195135799754,0.18820305119087152,0.18060166133683173,0.138096251846131,0.18229349256396685,0.1970139852216747,122.5056,79.65,10117.1634782609,13.489999771118164,95.95999908447266,-0.0064460455927149996,-0.06711173576950091,-0.10246174246262574,-0.08084293408093601
2024-05-10,20.829999923706055,63.10698699951172,28.809999465942383,218.7100067138672,75.30000305175781,-0.07664009523130588,0.05064887645532812,0.16563474969621184,-0.0049590369552177105,0.1658315543613864,0.18715742162487592,0.08023994688888703,0.25533762562944573,0.24934952875832672,0.05843493905982444,0.04515803335419655,-0.061711747394192384,-0.01989591763463816,0.07359599591721033,0.0721441654529007,0.00543029302008305,0.002817428261913978,0.002733595383977725,0.00044016216699653267,0.003832155071833741,0.0030490996876987217,0.0057969770807498626,0.0019162009428400429,-0.0039780544065503775,-0.0028073232679660222,0.00543029302008305,0.00543029302008305,0.002733595383977725,0.002733595383977725,0.003832155071833741,0.003832155071833741,0.0057969770807498626,0.0057969770807498626,-0.0039780544065503775,-0.0039780544065503775,0.16520974217440226,0.1668586427866247,0.11463180009954249,0.11721648349197028,0.21526712656793218,0.18399226987721876,0.16714104448752387,0.14156279556730048,0.18713847385842136,0.19043762170756776,122.3898,79.81,10117.1634782609,12.550000190734863,94.2300033569336,-0.000945262910430289,0.002008788449466392,-0.06968121544344441,-0.018028300792459984
2024-05-17,20.309999465942383,62.60441589355469,31.190000534057617,223.66000366210938,76.97000122070312,-0.02297534382634958,0.0484947198065766,0.1722509431585737,0.015067656255778106,0.20027910302491536,0.22923884261307292,0.12275017145882838,0.3083053831554554,0.42160436530715484,0.04260779995946384,0.04421586988529036,-0.11810686667848791,-0.006412252376828298,0.0493888316636486,0.0627309150034634,-0.005648681250076938,-0.0003930451799909233,-0.0009061666855677714,-0.0003231807285599625,0.017177687226424227,0.008182248180977977,0.007397665617912286,0.0032148445015459898,0.004559259130743506,4.659985451461591e-05,-0.005648681250076938,-0.005648681250076938,-0.0009061666855677714,-0.0009061666855677714,0.017177687226424227,0.017177687226424227,0.007397665617912286,0.007397665617912286,0.004559259130743506,0.004559259130743506,0.1665117000662838,0.16444940241471184,0.08753407937731768,0.09899258346325086,0.23276240955529043,0.19817570778271656,0.16880991370475293,0.14488928932836379,0.18105838801403992,0.18779588881775716,121.638,81.66,10117.1634782609,11.989999771118164,89.3499984741211,-0.0061426687518076895,0.02318005262498435,-0.04462154670165852,-0.05178822783575143
2024-05-24,20.719999313354492,61.65840148925781,29.229999542236328,215.9199981689453,75.3499984741211,-0.06327702402784974,0.03516963218017577,0.24278405321927288,0.0,0.14729012577150336,0.18429129823901258,0.030313665053320005,0.22712006367437665,0.29221920679764857,0.02777775149707007,0.07916658802165233,-0.10303034756763096,-0.01634964573475306,0.03387311631058165,0.09157042854427044,0.0024564025897048686,0.0012234452961264696,-0.004005691099215184,-0.0014890498408790735,-0.00847422149179826,0.00017875483980960683,-0.005751170229961363,-0.0007988438521787451,-6.500585326097627e-05,-0.0013092885422345327,0.0024564025897048686,0.0024564025897048686,-0.004005691099215184,-0.004005691099215184,-0.00847422149179826,-0.00847422149179826,-0.005751170229961363,-0.005751170229961363,-6.500585326097627e-05,-6.500585326097627e-05,0.15393788501384373,0.15735229506079007,0.08472907584432417,0.10207054982125284,0.31122918542543176,0.23230611913599175,0.1725666521527563,0.1571692022098165,0.18123048637792846,0.1828947300971899,122.0215,78.48,10117.1634782609,11.930000305175781,83.56999969482422,0.0031527976454726048,-0.03894195444526072,-0.005004125695390882,-0.06468941105769543
2024-05-31,19.899999618530273,61.914615631103516,28.420000076293945,215.3000030517578,74.81999969482422,-0.014618735755172918,0.010944433660504238,0.15623552392813256,0.010181570493269954,0.09841339261018711,0.19511523922377094,0.015000002724783856,0.18318066339204075,0.22870735440839574,-0.026418830793452308,0.01686254107573304,-0.14482169200426687,-0.004436701843282154,0.026131005912857663,0.037198783112082356,-0.008172377737545276,-0.0024768407820752293,0.0024080532642772228,-0.0004115936037591093,-0.00931356254816193,-0.0023860323035843223,-0.002630582748822944,-0.0008533142237468617,-0.00521176476192231,-0.0017506399191991727,-0.008172377737545276,-0.008172377737545276,0.0024080532642772228,0.0024080532642772228,-0.00931356254816193,-0.00931356254816193,-0.002630582748822944,-0.002630582748822944,-0.00521176476192231,-0.00521176476192231,0.15253888712033284,0.156584001686469,0.08503858379992606,0.10440253578338582,0.3173339879780741,0.2467068803084204,0.16223277815211817,0.1538994693896203,0.1912954388062281,0.18900646368477067,122.4845,77.97,10117.1634782609,12.920000076293945,91.13999938964844,0.003794413279626818,-0.006498470948012258,0.08298405245544349,0.0905827416832341
2024-06-07,19.940000534057617,60.564571380615234,27.43000030517578,211.60000610351562,73.0199966430664,-0.04573967790832545,-0.008150041851818335,0.18098001747739634,-0.024660018068600853,0.04752478269067151,0.17139064890653088,-0.03990197416260255,0.12004902252081084,0.15787250683010345,-0.023984325198175616,-0.0074663821498752725,-0.17569243101157994,-0.035770409145212345,-0.006305599676943441,0.01672872821231186,0.0006837289080141371,-0.0011527907806055668,-0.00159230148187233,-0.0016939114174890268,-0.013403675684860289,-0.004610879067324658,-0.009142864361236002,-0.0023323651302409086,0.0004749145734551591,-0.002149411051367538,0.0006837289080141371,0.0006837289080141371,-0.00159230148187233,-0.00159230148187233,-0.013403675684860289,-0.013403675684860289,-0.009142864361236002,-0.009142864361236002,0.0004749145734551591,0.0004749145734551591,0.16563523162530822,0.16038014308938695,0.08640729130587924,0.10784675030602651,0.36766025063301594,0.27061821655412865,0.2041369197579969,0.17288592899415695,0.2449780550779997,0.20795941703558665,123.8707,76.53,9648.167,12.220000267028809,91.81999969482422,0.011317350358616807,-0.018468641785302053,-0.05417955148077125,0.00746105233409744
2024-06-14,19.940000534057617,59.31307601928711,27.690000534057617,215.72999572753906,76.08000183105469,-0.002229484182889374,-0.02436524037043364,0.1697417091040001,-0.019542803597753844,0.07848821198846667,0.20190533804265343,-0.07730755338653528,0.07492237142963543,0.15519404786259572,-0.027317047119140625,-0.0005012645864361787,-0.26691176563398233,-0.053467516729144626,-0.04277998126261506,-0.0015189227997035593,-0.0014353298999717045,-0.0008155267610731661,-0.0046774135027115955,-0.0027051659623765632,-0.0018037831714878515,-0.00237269550921737,0.0025848353353991544,2.0720490260913285e-05,0.004044722929145965,0.0014001731634717342,-0.0014353298999717045,-0.0014353298999717045,-0.0046774135027115955,-0.0046774135027115955,-0.0018037831714878515,-0.0018037831714878515,0.0025848353353991544,0.0025848353353991544,0.004044722929145965,0.004044722929145965,0.16066317378826692,0.1636104389284399,0.08817591254611412,0.10484376365531359,0.35776350163921106,0.2658016204104988,0.20105789168913765,0.17376138785162107,0.2612754185463513,0.2067519114827585,124.4755,79.41,9648.167,12.65999984741211,100.16000366210938,0.004882510553343211,0.03763230105840831,0.03600651151951917,0.09082992806582713
2024-06-21,19.34000015258789,59.76637649536133,27.440000534057617,214.77999877929688,78.6500015258789,0.056413764268608,0.011445465087426498,0.2579974560142895,-0.0043575117563833254,0.06861034334665872,0.21152978485003993,-0.062200946021447434,0.09192206328830399,0.19668557212639182,-0.06253025015299007,-0.035892289756881524,-0.18534118201143657,-0.035157449421718834,-0.055443068088186664,0.023621156740345484,-0.007195107194707663,-0.002971310515888585,0.0005308182486193396,-0.0011471474088042704,-0.00437920629675695,-0.0023195180739254938,-0.0019957805989140247,-0.00041250481458505024,0.0020299617967102605,0.0029449948573727885,-0.007195107194707663,-0.007195107194707663,0.0005308182486193396,0.0005308182486193396,-0.00437920629675695,-0.00437920629675695,-0.0019957805989140247,-0.0019957805989140247,0.0020299617967102605,0.0020299617967102605,0.16014882766253405,0.16818421107227755,0.08919891712749753,0.09937960683989594,0.27668302017540325,0.2667251240297446,0.18226134217873258,0.17656515947799947,0.2656269659275415,0.20989673411937293,124.4247,81.71,9648.167,13.199999809265137,94.08999633789062,-0.0004081124397973257,0.028963606598665148,0.042654025936928575,-0.060603106053150446
2024-06-28,18.309999465942383,60.01753234863281,27.209999084472656,215.00999450683594,79.58999633789062,0.05375344398531379,-0.014853379923728705,0.23147144855683077,-0.0072032726814631465,0.019536228029358726,0.20900809117384056,-0.048268662495628556,0.06580487084381237,0.17436335756909127,-0.08814743349047749,-0.07431755155072362,-0.17373648050450408,-0.019087266693035065,-0.06011005741229769,0.002174136816980088,-0.012301542359243972,-0.006156252490424678,0.0003553647212517173,-0.0004309729024550062,-2.6396855854794152e-05,-0.0018962204836882857,0.0006908370550338105,-9.726432920269497e-05,0.0017985258318200803,0.0026816203964420567,-0.012301542359243972,-0.012301542359243972,0.0003553647212517173,0.0003553647212517173,-2.6396855854794152e-05,-2.6396855854794152e-05,0.0006908370550338105,0.0006908370550338105,0.0017985258318200803,0.0017985258318200803,0.17298768124890587,0.15785391814721858,0.11384222487175709,0.10081053797580114,0.24996042022131182,0.26851915914265934,0.18402370269399795,0.1739225455333361,0.2425410215318447,0.20883726674027003,124.5172,82.83,9648.167,12.4399995803833,98.58999633789062,0.0007434215232184904,0.01370701260555629,-0.057575775747238156,0.04782655091025667
2024-07-05,18.43000030517578,58.527278900146484,28.780000686645508,220.92999267578125,81.30999755859375,0.10988254419367793,0.0019716084991547866,0.19802555279384548,0.006835893223659406,0.014976774632513568,0.2147019284397378,0.0020891843567389934,0.0706845827827296,0.2107698835674816,-0.08217129605574924,-0.06730768766703177,-0.15574895237805664,-0.03505143966728319,-0.0960032491284436,-0.027645101354787815,0.0007295801498652114,-0.0032235609769584437,-0.004696055713159071,-0.0022128252046784485,0.012006029701476897,0.0033257035489979423,0.006423557459623974,0.002171189285859619,0.0017855144318378831,0.0030191330479765904,0.0007295801498652114,0.0007295801498652114,-0.004696055713159071,-0.004696055713159071,0.012006029701476897,0.012006029701476897,0.006423557459623974,0.006423557459623974,0.0017855144318378831,0.0017855144318378831,0.14221573518971037,0.15673205283775227,0.10085581893790595,0.09914302917860268,0.24875148544044115,0.2669039826925652,0.18143087955815118,0.1721257610770706,0.18201500133425527,0.21146012713390605,123.8192,84.44,9385.31304347826,12.479999542236328,98.77999877929688,-0.0056056512674554915,0.019437401907521412,0.0032154311255849777,0.0019271979761015245
2024-07-12,18.190000534057617,60.404998779296875,28.329999923706055,223.11000061035156,80.25,0.059545844513257506,-0.013279254970363308,0.18555173741448638,0.047612336627355534,0.008543528520112753,0.21473296038870826,0.026077482703298127,0.052768490685461744,0.20297243488327754,-0.1008402893890129,-0.07805367683268372,-0.2602683846611008,0.009187702712322832,-0.03996765861308904,-0.032082025670583936,0.00342147750039221,-0.002301012570342466,0.008384564939440951,0.0014308403785957718,0.0016403557795082937,0.0011529444933678283,0.004470780317114853,0.0023774564871336624,-0.0015367072576312356,0.0010090519352294175,0.00342147750039221,0.00342147750039221,0.008384564939440951,0.008384564939440951,0.0016403557795082937,0.0016403557795082937,0.004470780317114853,0.004470780317114853,-0.0015367072576312356,-0.0015367072576312356,0.1744323164102975,0.1689606908117597,0.14561196776301757,0.1104614430810803,0.187681604801068,0.2643345172614331,0.13996723434879693,0.16604103141164098,0.16611004403769636,0.21313152983793662,122.8093,83.49,9385.31304347826,12.460000038146973,86.79000091552734,-0.008156247173297881,-0.011250592136428317,-0.0016025244249144865,-0.1213808261990229
2024-07-19,17.84000015258789,62.17343521118164,26.399999618530273,221.72999572753906,78.0,-0.017755995429857396,-0.024756229980352207,0.10387766710273483,0.01636409976853037,0.03111050339601018,0.20965625769755114,-0.05982907085970002,-0.045898100985252044,0.09226311688858968,-0.08746798727393523,-0.11507935081269516,-0.268552660966465,0.043716301209338226,-0.020908664719344383,-0.024436328976223942,-0.0014267741586231166,-0.0026772488167493363,0.002109703723043489,0.0027093371109955353,-0.012089220597100008,-0.004645186166246575,-0.005315990614612231,0.0005306171086939878,-0.00860367021881244,-0.001795072741169022,-0.0014267741586231166,-0.0014267741586231166,0.002109703723043489,0.002109703723043489,-0.012089220597100008,-0.012089220597100008,-0.005315990614612231,-0.005315990614612231,-0.00860367021881244,-0.00860367021881244,0.19251023827111238,0.17137911446493623,0.17526852556816624,0.12522676790132026,0.21756147392993816,0.26832989449029776,0.16157806890363263,0.16705723159609756,0.1882711662897596,0.21394542691996035,123.5033,81.43,9385.31304347826,16.520000457763672,94.29000091552734,0.0056510378285683505,-0.024673613606419842,0.3258427293087307,0.08641548474345262
2024-07-26,18.020000457763672,63.832584381103516,25.729999542236328,220.6300048828125,76.11000061035156,-0.04767264321677889,-0.028961427948601015,0.06477332171206251,0.02623377480600042,0.041346155508144244,0.228452101252427,-0.04420507171935506,-0.09113387398010575,0.0829124282145346,-0.03739310263176421,-0.09674186623396464,-0.2051168770569518,0.060931241303188166,0.01817553322343124,-0.007714860821892211,-0.004128245387215965,-0.001470968683817239,0.00812397913594575,0.004033013816345097,-0.0037032207312997123,-0.004582231252546212,-0.0008161945815988008,-9.286250635571573e-06,-0.006287723891587899,-0.002995755165559422,-0.004128245387215965,-0.004128245387215965,0.00812397913594575,0.00812397913594575,-0.0037032207312997123,-0.0037032207312997123,-0.0008161945815988008,-0.0008161945815988008,-0.006287723891587899,-0.006287723891587899,0.21615387728782134,0.18210136913135855,0.1842094828858128,0.13320636815181158,0.2127480991522745,0.26028411350684366,0.1562769445391087,0.16604625973351825,0.18428302709868474,0.21515694671486246,123.9862,78.58,9385.31304347826,16.389999389648438,97.76000213623047,0.003910016979303377,-0.03499938597568475,-0.007869313832502889,0.03680137010298501
2024-08-02,17.84000015258789,60.186431884765625,25.850000381469727,225.33999633789062,73.38999938964844,-0.09696071833282471,-0.027947027951676362,-0.022769628751216464,0.03371710013997431,0.051958308553206045,0.26745039005222004,-0.08007117329022317,-0.09646977175817406,0.10234539618110583,-0.024070050193108594,-0.1427198168945265,-0.2106194755989771,0.020724624329631514,-0.0407371024609946,-0.06268033476024837,0.00046057024889702207,-0.0014207152238899145,-0.012331482372228766,-0.0022535212622234097,0.0010304920655212612,-0.002386517260306273,0.002069317933419561,0.0014920083412745247,-0.012872625551707926,-0.004961419616187752,0.00046057024889702207,0.00046057024889702207,-0.012331482372228766,-0.012331482372228766,0.0010304920655212612,0.0010304920655212612,0.002069317933419561,0.002069317933419561,-0.012872625551707926,-0.012872625551707926,0.21469374506800049,0.1764480668092471,0.21813648439394198,0.14651028524069928,0.22824377580727728,0.26718628576680664,0.1675481050387306,0.16853799022492633,0.26707629831765006,0.2404325216910737,123.7169,74.99,8981.11772727273,23.389999389648438,112.26000213623047,-0.002172015917900505,-0.04568592517179948,0.4270897047391622,0.148322419017483
2024-08-09,17.5,59.103511810302734,25.040000915527344,224.55999755859375,76.22000122070312,-0.05831481440984643,0.013429093850886531,0.06795569969840543,0.0058678502064670734,0.02966665747785635,0.27903393626855055,-0.10475504003420544,-0.15633420963406408,0.10551882283661396,-0.02777777777777779,-0.16147583630653972,-0.20706840770351076,-0.009820230223877124,-0.06006374538149917,-0.04770020637751193,-0.0043765928269905545,-0.0024833375837141165,-0.003863925890409603,-0.002650744256271879,-0.0008594246526498307,-0.0033262020488282014,0.002850585873391421,0.0010605651199034703,0.007491495778615476,0.0001589533718716727,-0.0043765928269905545,-0.0043765928269905545,-0.003863925890409603,-0.003863925890409603,-0.0008594246526498307,-0.0008594246526498307,0.002850585873391421,0.002850585873391421,0.007491495778615476,0.007491495778615476,0.1816842724582706,0.1692270449326814,0.20920002180212327,0.15151193226542564,0.2344850966130917,0.26909370679889827,0.16239280721700125,0.16837827863940186,0.2961391811542518,0.24600465949793923,123.1964,78.28,8981.11772727273,20.3700008392334,108.26000213623047,-0.004207185922052714,0.04387251633551159,-0.12911494780763355,-0.03563156889259533
2024-08-16,17.34000015258789,60.60369873046875,26.100000381469727,231.99000549316406,76.31999969482422,-0.044806029570539585,0.002100788143664989,0.06950671303319966,0.027504680429808914,0.03460736704938516,0.30412055927334913,-0.016208077423542355,-0.16826000384022588,0.10875103510526074,-0.024746935717955276,-0.1533202861246531,-0.22311826211140762,-0.03159235007199557,-0.030737541140692826,-0.013555121686133265,-0.00523291998516563,-0.002557403491270654,0.003805349765319344,0.0002763993559928413,0.007601423732110161,0.0011406907866934332,0.00830474974658618,0.003300318143853813,-0.0024930569428861476,-0.00020929920969716618,-0.00523291998516563,-0.00523291998516563,0.003805349765319344,0.003805349765319344,0.007601423732110161,0.007601423732110161,0.00830474974658618,0.00830474974658618,-0.0024930569428861476,-0.0024930569428861476,0.1614114201046734,0.17021609972590368,0.17930794376964382,0.1547149566648995,0.23802096616713386,0.26379577673702465,0.17607937233130092,0.17311264854980402,0.31676914485988095,0.2573266359628857,122.6944,78.05,8981.11772727273,14.800000190734863,102.80999755859375,-0.004074794393342573,-0.0029381706693919485,-0.2734413558673253,-0.050341811103778
2024-08-23,17.31999969482422,61.15012741088867,26.479999542236328,232.02000427246094,75.55000305175781,-0.02465783701639257,-0.027169720716624712,0.025658421065496873,0.06270325803413712,0.06338513074066565,0.28671248252161297,0.029548998801381066,-0.11438127491394445,0.11966173231938204,-0.05971771861637498,-0.15881497977321168,-0.2184115607362297,-0.02994485257074786,-0.006178564666463937,-0.0303490846102914,-0.0037225889142667667,-0.0020295168403961458,0.002992985591983574,0.0009373408908788149,0.005379237511633296,0.0019592894614373466,0.0023406995021849923,0.0021586391403822527,0.006723782072522832,8.452430631031588e-05,-0.0037225889142667667,-0.0037225889142667667,0.002992985591983574,0.002992985591983574,0.005379237511633296,0.005379237511633296,0.0023406995021849923,0.0023406995021849923,0.006723782072522832,0.006723782072522832,0.1584018362236258,0.17620005139013536,0.1595204550814115,0.15429883773996333,0.24837011576177526,0.24171418839809491,0.15953722023239522,0.16596613766128218,0.3380860989812047,0.2610033430741899,121.7525,75.82,8981.11772727273,15.859999656677246,105.62999725341797,-0.007676796985029544,-0.02857142857142858,0.071621584613625,0.027429236083942543
2024-08-30,17.700000762939453,62.05421447753906,26.309999465942383,231.2899932861328,74.33999633789062,-0.02556042147379023,0.0457166994995013,-0.04631174793693138,0.02444961203530971,0.07441812001543813,0.29923597199863994,0.030552242785676142,-0.058339335610546494,0.13356314104913558,0.0028329260900767927,-0.1019786105985494,-0.2066337433149823,0.009862573084349124,0.022433250774250624,-0.002835338863267811,0.006356790526931861,0.0007415406184384113,0.003351512009549324,0.0017388181012399952,-0.0005349840330001078,0.0006710594278470995,-0.0014801270786836834,0.0009754219293712572,-0.00753723181780754,-0.0017067681805954785,0.006356790526931861,0.006356790526931861,0.003351512009549324,0.003351512009549324,-0.0005349840330001078,-0.0005349840330001078,-0.0014801270786836834,-0.0014801270786836834,-0.00753723181780754,-0.00753723181780754,0.15963969620025945,0.18104894680779884,0.13488751335468951,0.15164525339089166,0.22848789783857779,0.23164755082946775,0.14911055257649322,0.16395829995801475,0.33511241994818436,0.2645861629475234,122.5582,74.52,8981.11772727273,15.0,107.7699966430664,0.006617523254142554,-0.017145871801635404,-0.05422444358724665,0.020259390753502915
2024-09-06,17.889999389648438,60.70304870605469,25.40999984741211,230.6300048828125,68.93000030517578,-0.07711878361162394,-0.08653589793960847,-0.13491465811781267,0.04570392968296244,0.08003190097407153,0.30240570644926823,0.028328643823354982,-0.09185131296892113,0.08822267375966186,0.007887289557658494,-0.10460461463824244,-0.19268955266993526,0.0272360268454781,0.004738509392537837,-0.01429766229151852,0.00011614519214790443,0.001044420327659069,-0.0034516038589933865,-0.0005108055697320547,-0.005397830348434042,-0.0020211684921513187,-0.0012452472103323075,0.00043224862933449645,-0.012575662780973171,-0.006632166577115292,0.00011614519214790443,0.00011614519214790443,-0.0034516038589933865,-0.0034516038589933865,-0.005397830348434042,-0.005397830348434042,-0.0012452472103323075,-0.0012452472103323075,-0.012575662780973171,-0.012575662780973171,0.16940546465871714,0.17678861040753502,0.1040070821623708,0.1549428602519903,0.2295793774717612,0.21827200045855868,0.14242132836998214,0.14529455311361178,0.3309760036199028,0.2712034950981954,122.7145,68.58,9259.12857142857,22.3799991607666,107.23999786376953,0.0012753124637927549,-0.07971014492753625,0.4919999440511067,-0.004917869498059169
2024-09-13,18.15999984741211,61.55746078491211,26.399999618530273,238.67999267578125,69.83999633789062,-0.08813161408470571,-0.10219828363634653,-0.12852512016724882,0.055172395649477624,0.11215689854608146,0.33080560107715895,0.043478277258538256,-0.03860158416908921,0.1458332712451642,0.027149294906732013,-0.08050633683989317,-0.18198201696784155,0.0292358142439757,0.030137991433411893,0.004695075661944381,0.004657271706860949,0.001987451623324812,0.005080305742862009,0.001049695667200625,0.005409915974989206,0.0016097881265589435,0.007530683937503196,0.0030666621329544803,0.0037871509326229975,-0.0026710895446647176,0.004657271706860949,0.004657271706860949,0.005080305742862009,0.005080305742862009,0.005409915974989206,0.005409915974989206,0.007530683937503196,0.007530683937503196,0.0037871509326229975,0.0037871509326229975,0.1603603320972368,0.17369159727030456,0.11728699980960998,0.15680773665121497,0.23160640235656285,0.2236532892691229,0.13278977276443857,0.1464440719086447,0.341747548523379,0.2829119059192611,121.9128,69.59,9259.12857142857,16.559999465942383,100.5999984741211,-0.006533050291530285,0.014727325750947928,-0.2600536154186729,-0.061917190618405726
2024-09-20,17.739999771118164,62.03434371948242,27.110000610351562,242.2100067138672,72.91999816894531,0.004407709387739045,-0.08506899672405077,-0.12038604551554966,0.04333410761091194,0.1232667125593212,0.3912119369476359,0.02767253498137512,-0.013105158791464455,0.2048889160156251,0.008527550723653965,-0.08225556952216728,-0.2059086996441608,0.01909581339851596,0.027108853789152176,0.030788127770349893,-0.005345871355431593,-0.0007280672776187983,-0.0006851022441162405,0.0010275206195132637,0.004623616329929583,0.002960931899382185,0.006988015007176431,0.0033817630980548102,0.007811956064031261,0.0016220270123772896,-0.005345871355431593,-0.005345871355431593,-0.0006851022441162405,-0.0006851022441162405,0.004623616329929583,0.004623616329929583,0.006988015007176431,0.006988015007176431,0.007811956064031261,0.007811956064031261,0.14518602133848132,0.17243827461877773,0.1284178987064895,0.1607250150950586,0.2201324683756164,0.2216251107427905,0.13357805132596953,0.1468517745737641,0.3513702343513082,0.29020901382955827,121.6673,72.72,9259.12857142857,16.149999618530273,91.0,-0.0020137344068875684,0.044977726684868546,-0.024758445690491904,-0.095427421667314
2024-09-27,18.270000457763672,63.037784576416016,28.639999389648438,245.02000427246094,70.2699966430664,-0.06902499313930666,-0.13821442415896312,-0.07037967922426647,0.057259996860672846,0.136614537958192,0.44862247343401873,0.08980207919865801,0.04297160759349827,0.29067141506784755,0.059130461319633065,-0.004901968932242151,-0.1847389298454869,0.02520608377058986,0.05032283250565883,0.05693244072039838,0.0026098842688525112,0.0015394543315551772,0.005854844276121553,0.0021920433647573327,0.006927020405698546,0.005809547138928772,0.0007080928419548899,0.0027695495555528373,-0.0034061618438740184,-0.0016316376678929495,0.0026098842688525112,0.0026098842688525112,0.005854844276121553,0.005854844276121553,0.006927020405698546,0.006927020405698546,0.0007080928419548899,0.0007080928419548899,-0.0034061618438740184,-0.0034061618438740184,0.14693503992171136,0.1703500097616344,0.14447552695661528,0.16333175172172432,0.25762661596602127,0.24293904997995822,0.12794936269118512,0.1468190115612094,0.3503281472748613,0.2990648142407824,121.356,68.72,9259.12857142857,16.959999084472656,92.52999877929688,-0.002558616818159054,-0.05500550055005504,0.05015476687770337,0.016813173398866788
2024-10-04,18.469999313354492,62.978172302246094,28.59000015258789,245.0,76.3499984741211,0.09243095064942097,-0.050609298526394064,0.008986392515268449,0.05444369943699767,0.12287454630646266,0.40974745074433017,0.1077102186814789,0.0021030306518874387,0.27976723175071205,0.023835830155476412,0.0353138540010165,-0.1823816206907557,0.033420287608871835,0.07204462478649165,0.05645397851532108,-0.0017257870884736317,0.0013659361075089515,0.0014291437798327616,0.0013364184172479229,0.00033351214714235174,0.0034936101520031764,-0.00018624965470849896,0.0017161885564709427,0.015452291000862468,0.0056119041465621826,-0.0017257870884736317,-0.0017257870884736317,0.0014291437798327616,0.0014291437798327616,0.00033351214714235174,0.00033351214714235174,-0.00018624965470849896,-0.00018624965470849896,0.015452291000862468,0.015452291000862468,0.13936062534586754,0.16163483799445474,0.1413254480105534,0.1634722776420098,0.2515564121065847,0.2435145980611141,0.12924450115720607,0.14352181183636817,0.3311867076945672,0.31844430360066434,122.4533,74.93,9533.99130434783,19.209999084472656,100.1500015258789,0.009041992155311762,0.09036670547147851,0.13266510150109245,0.08235170049831408
2024-10-11,18.229999542236328,64.00148010253906,28.170000076293945,245.47000122070312,77.48999786376953,0.10874228846032508,-0.03282582117640653,-0.029433849973836024,0.03867473159917445,0.0966805129456334,0.35716264636188355,0.0702887691079086,0.005353305356164295,0.26777682028835303,0.0155988171251209,0.025886273079508193,-0.19762323533517923,0.055546471470474756,0.05589250763082543,0.06957378983838836,-0.0030496411757825726,-0.00021239896093005678,0.004904203017738875,0.002247273386809668,0.001695589503604646,0.0014783924919883067,0.003487033646751687,0.0015415508758931428,0.005426475191439003,0.004766599000011257,-0.0030496411757825726,-0.0030496411757825726,0.004904203017738875,0.004904203017738875,0.001695589503604646,0.001695589503604646,0.003487033646751687,0.003487033646751687,0.005426475191439003,0.005426475191439003,0.1410724314197831,0.1534341893508545,0.13798301591457074,0.1545299610848141,0.25262557175982264,0.2447787578998956,0.12588770817043857,0.14362124481818744,0.36510886236175316,0.3441996618329929,123.2275,76.11,9533.99130434783,20.459999084472656,118.47000122070312,0.0063224102576247,0.015748031496062964,0.0650702789991473,0.18292560574839634
2024-10-18,17.579999923706055,63.85245132446289,27.579999923706055,251.27000427246094,71.37999725341797,-0.01883165287397981,-0.08039171956147395,-0.09023708786221274,0.050591655291849724,0.13286745182697857,0.3676790910240082,0.014716689258244875,0.05106707943125821,0.23566309591400114,-0.018973222719885552,-0.036184202614803485,-0.20988764387837955,0.013402664852311563,0.021131210906976117,0.10849520610077956,-0.004388687881697887,-0.0025463672815634634,-0.0005121304429361852,0.001171052673986242,0.0013535455815995676,-0.00014661788470576992,0.006305569415493521,0.0029288657249946864,-0.010483787112864464,-0.0028147398883591355,-0.004388687881697887,-0.004388687881697887,-0.0005121304429361852,-0.0005121304429361852,0.0013535455815995676,0.0013535455815995676,0.006305569415493521,0.006305569415493521,-0.010483787112864464,-0.010483787112864464,0.16188624013689062,0.15202631285744267,0.13140935136656332,0.14342414988672583,0.26413496025769934,0.23970214601157325,0.11044201560512858,0.13325434240613912,0.3913104033620993,0.35104618850387853,124.1511,69.78,9533.99130434783,18.030000686645508,123.12999725341797,0.0074950802377715675,-0.08316909735908551,-0.11876825545272407,0.03933481881234657
2024-10-25,17.959999084472656,63.703433990478516,27.43000030517578,253.32000732421875,74.2300033569336,0.07564122676591833,-0.012767642682559588,-0.006956476830319858,0.025670142142498964,0.14978213009696306,0.38041531745990165,-0.05348513669924426,0.07064790814411781,0.20307022908094408,-0.010468349203910488,-0.006087471621987306,-0.18843200336341503,0.0224845321373357,0.007542508172212026,0.10159551025634284,-0.0001803750315675593,-0.00026840455327342645,0.00039910362684613944,0.0006736349614663595,0.0003428526064497332,-0.0003799500469880317,0.00249268005362181,0.0024604560285054274,0.004778597437158434,0.0011120992634721242,-0.0001803750315675593,-0.0001803750315675593,0.00039910362684613944,0.00039910362684613944,0.0003428526064497332,0.0003428526064497332,0.00249268005362181,0.00249268005362181,0.004778597437158434,0.004778597437158434,0.1498505436730528,0.15075016703434896,0.0977163709601575,0.1321514360665581,0.1917466601584521,0.23757237141530788,0.11177448386881796,0.13140457687108148,0.3692253482825222,0.35355073548457944,124.8418,72.02,9533.99130434783,20.329999923706055,128.39999389648438,0.005563382040110865,0.032100888506735314,0.12756512198938053,0.04280026606530374
2024-11-01,17.950000762939453,63.8723258972168,27.350000381469727,252.47000122070312,72.0199966430664,-0.04898991878266579,-0.016389027009431567,0.026072006525257096,0.028432912018218293,0.13479866086428482,0.39663658380056366,-0.03832630563007855,0.09138072483359605,0.20750555594245212,-0.0370170949196581,0.0011154744798247407,-0.18888380281720485,0.02454183123587894,0.06124127809251556,0.0978152857221537,0.0011275435274711754,-5.9860387474399896e-05,0.0008968217117205764,0.0006219824202080016,-0.0005321992368746249,-0.00047259393056721464,-0.0025882541106745775,0.0010344630745452736,0.0003156000394892369,-0.0007279269782653688,0.0011275435274711754,0.0011275435274711754,0.0008968217117205764,0.0008968217117205764,-0.0005321992368746249,-0.0005321992368746249,-0.0025882541106745775,-0.0025882541106745775,0.0003156000394892369,0.0003156000394892369,0.1359636204587336,0.14654667487993384,0.08918382611595638,0.1179731528444024,0.14837206228122532,0.21638700685586518,0.12051773211229803,0.12919608078271336,0.38982540541006205,0.35523802057401094,125.0403,69.81,9075.72714285714,21.8799991607666,132.5800018310547,0.0015900123195915494,-0.03068592057761721,0.0762419696447294,0.03255458047716275
2024-11-08,18.479999542236328,65.04466247558594,27.110000610351562,247.9600067138672,73.12999725341797,-0.05966310389524898,-0.06994785949532667,0.025091127101398936,0.021167940180421008,0.08559171112609598,0.3651178570087481,-0.026570907037061664,0.061056807040065,0.17207097250292547,0.009836082660115597,0.04347828896494832,-0.16493446710116522,0.02778653300612599,0.09554895097638783,0.08186639640946902,0.005789756125111688,0.002270720186462146,-1.9154402677154313e-05,0.0014497201646577187,-0.004377159990450953,-0.0011179171676091312,-0.003209947743451583,-0.0006849255449645154,-0.004148051019959015,-1.1336724714674381e-05,0.005789756125111688,0.005789756125111688,-1.9154402677154313e-05,-1.9154402677154313e-05,-0.004377159990450953,-0.004377159990450953,-0.003209947743451583,-0.003209947743451583,-0.004148051019959015,-0.004148051019959015,0.14171690680377053,0.14543193370973156,0.12747107962072984,0.12175718984212859,0.2834162666284848,0.2541486758681965,0.16837085131708293,0.14083367103468156,0.3361904956238179,0.35021637445713427,125.8066,70.69,9075.72714285714,14.9399995803833,99.8499984741211,0.006128424196039095,0.012605643890559959,-0.31718463649795436,-0.24686983636220716
2024-11-15,18.06999969482422,65.21355438232422,25.600000381469727,236.58999633789062,69.75,-0.039520829496486276,-0.06224788147871585,-0.025974034275914937,-0.04842540445026633,0.021501643773651935,0.2819137379040033,-0.05882354178643112,-0.029199864742441073,0.08704888368671804,0.021481014657688036,0.020903893555726638,-0.18419864532606145,0.014999245371025038,0.07202348709753514,0.09919525985304833,-0.0009969305587132701,-8.940210903465398e-05,0.001324160948290396,0.0011844167466375777,-0.00720769996672015,-0.004646302256340644,-0.005484654939066395,-0.0036063631983115777,-0.008223484477965162,-0.0033741549571441208,-0.0009969305587132701,-0.0009969305587132701,0.001324160948290396,0.001324160948290396,-0.00720769996672015,-0.00720769996672015,-0.005484654939066395,-0.005484654939066395,-0.008223484477965162,-0.008223484477965162,0.11982113939907917,0.13978672300302905,0.1225056619432576,0.121256549442889,0.288185675621555,0.25644745439317473,0.18460788505937403,0.14452296832730913,0.32350932647308667,0.35109988012161175,127.1021,67.33,9075.72714285714,16.139999389648438,102.47000122070312,0.01029755195673343,-0.047531475456217276,0.08032127462980498,0.026239386946621535
2024-11-22,18.06999969482422,66.95218658447266,25.670000076293945,249.83999633789062,74.25,0.016288016440896724,-0.04599770971129857,0.02385553553523234,-0.011708887176164917,0.07338031549297463,0.31813867884192604,-0.06279661744003306,-0.03532508502431031,0.08312233122097834,-0.004407709387738934,0.053644320510648935,-0.1684307374373485,0.051326075311021624,0.08640984453873846,0.1472708061840704,-0.0015676591597950753,-0.00022332769801060746,0.0073612999019025405,0.0030563183101408706,-0.004116086003247411,-0.003086243705034058,0.008399977358682196,0.0018380517712302963,0.009264282872627304,0.0025544387199121616,-0.0015676591597950753,-0.0015676591597950753,0.0073612999019025405,0.0073612999019025405,-0.004116086003247411,-0.004116086003247411,0.008399977358682196,0.008399977358682196,0.009264282872627304,0.009264282872627304,0.11631220011699019,0.13859852784098145,0.13853094703935814,0.12682966417937763,0.2860773209435542,0.2525127791529771,0.19720384250804382,0.14909491939338979,0.3342595725907381,0.34812057880719605,127.6683,71.68,9075.72714285714,15.239999771118164,99.13999938964844,0.004454686429256505,0.06460715877023637,-0.05576206025803809,-0.0324973337697384
2024-11-29,17.8700008392334,68.0251693725586,25.799999237060547,245.58999633789062,71.61000061035156,-0.020114958728400856,0.007314732019247261,0.10577514280668643,-0.031241364603207922,0.06643798470543061,0.30744251025281133,-0.05701759278107599,0.012956416670691695,0.11785092384513884,-0.0011178619953788882,-0.0050110384090757965,-0.18772723458030005,0.07084770947369634,0.1095446691781865,0.15306477228147752,0.000612867585771446,-0.0006864639145223377,0.002268762270993223,0.0029080348385955284,-9.544242210352933e-05,-0.0015937849006791229,0.0025620698808118147,0.0003955569707430431,-0.0016414938237562422,-0.0007000536069729086,0.000612867585771446,0.000612867585771446,0.002268762270993223,0.002268762270993223,-9.544242210352933e-05,-9.544242210352933e-05,0.0025620698808118147,0.0025620698808118147,-0.0016414938237562422,-0.0016414938237562422,0.11514311013582097,0.13107658956365625,0.1442552717138365,0.12725405989993777,0.2912605135844154,0.24200012439204735,0.21316892131740506,0.1597742340006208,0.26537672394551143,0.3315114472437981,126.8114,68.26,9075.72714285714,13.510000228881836,95.22000122070312,-0.00671192457328873,-0.0477120535714286,-0.11351703203532248,-0.039540026155725494
2024-12-06,18.18000030517578,67.19062042236328,26.149999618530273,242.9499969482422,70.23999786376953,-0.059201789198183974,0.04898445077872582,0.07515683292665809,-0.026837561033629775,0.04440719649164593,0.29483553070299573,-0.06070404183889788,0.01989080503206786,0.10337547581103768,-0.01088133105129474,0.01848739028872126,-0.17024187896910892,0.028906028477960533,0.11251838341648446,0.10726683666416403,0.005386534933810577,0.001116705304883802,-0.0037238601146255376,0.0006211444701717741,0.0008886210509809126,-0.00011452007882546362,-0.0011112154532405,-0.0005102625159071102,-0.0073167799626053095,-0.002235187321920516,0.005386534933810577,0.005386534933810577,-0.0037238601146255376,-0.0037238601146255376,0.0008886210509809126,0.0008886210509809126,-0.0011112154532405,-0.0011112154532405,-0.0073167799626053095,-0.0073167799626053095,0.11974845804086975,0.13219179295586173,0.13238237369001982,0.12950694752045308,0.17335356388044634,0.2367461137294672,0.17946104967807675,0.16004000410411923,0.2663876961471846,0.32911007138246373,126.9271,68.58,8909.90772727273,12.770000457763672,83.19999694824219,0.0009123785400997342,0.004687957808379606,-0.05477422343311167,-0.12623402770811454
2024-12-13,18.260000228881836,67.44893646240234,26.1200008392334,244.2899932861328,74.20999908447266,0.040959435144421796,0.03471831875890641,0.07879049421152007,0.030715999105628056,0.029282872905870283,0.2987240051002156,0.015157454486420585,-0.02537307526810706,0.09015032709915816,0.018973222719885552,0.005506628981826633,-0.15148699626099404,0.03648856196889838,0.08990206107244303,0.11675655204943469,-0.0012044454143419034,0.0007499401971524953,-0.0013836484979488602,0.0005095040327215386,-0.0039993986231031155,-0.0005895543638229883,-0.004069716029558993,-0.00039657695206158624,0.008421465306556094,0.0027923542191533143,-0.0012044454143419034,-0.0012044454143419034,-0.0013836484979488602,-0.0013836484979488602,-0.0039993986231031155,-0.0039993986231031155,-0.004069716029558993,-0.004069716029558993,0.008421465306556094,0.008421465306556094,0.11912766511297784,0.1338800566704308,0.13511789951256353,0.12898997665909068,0.125721665664952,0.2365368318401239,0.1769426160545851,0.1638211339133038,0.2612970080262782,0.3271665573549654,127.5569,71.54,8909.90772727273,13.8100004196167,85.66000366210938,0.004961903328761119,0.043161271507728305,0.0814408711489707,0.029567389472352046
2024-12-20,18.260000228881836,64.91549682617188,25.6200008392334,242.10000610351562,73.0999984741211,-0.0013660994301926133,-0.0025924742670592194,0.08812143706538822,-0.018486975962427765,-0.016133624995070206,0.26442787152047087,-0.01081076383864299,-0.09469959258223337,0.058240471213609535,0.009955769133592085,0.0049532279697297454,-0.15968704033379744,-0.023610358680673182,0.04694748739980836,0.06130576495841589,0.0016175232902984511,0.0006099172967644804,-0.005169697913592211,-0.0024448813329530825,-0.0025561780480720772,-0.001724726160790014,0.0001955574022867012,-0.0007338674823423687,0.0006369104736366369,0.0008069981142837697,0.0016175232902984511,0.0016175232902984511,-0.005169697913592211,-0.005169697913592211,-0.0025561780480720772,-0.0025561780480720772,0.0001955574022867012,0.0001955574022867012,0.0006369104736366369,0.0006369104736366369,0.120563747248128,0.1265366990458603,0.1439793005483945,0.13459095379434316,0.120147063043434,0.21906702586334076,0.1764425745729385,0.16197290104285608,0.21894467142594237,0.31969176973277985,128.1411,69.71,8909.90772727273,18.360000610351562,91.75,0.00457991688415138,-0.025580095051719542,0.3294714013383897,0.07109498105922274
2024-12-27,18.56999969482422,64.68699645996094,25.790000915527344,241.39999389648438,73.8499984741211,0.029698789977196993,0.05620709965809567,0.09294063649045592,-0.008583562156674884,-0.006829604537082257,0.275089713487473,0.0,-0.0902998035800967,0.07907955343780437,0.04678691851266792,0.004326658988444976,-0.13426577928571437,-0.047542477306175335,0.024547610962949662,0.06685149951034064,0.003028266324440055,0.001709713247272701,-0.0007857088134098691,-0.0018637075504635615,0.0004890486631503275,-0.0006628320386841871,-0.0009212301566021699,-0.0007398379708738151,0.002980988019252818,0.0014320825712613656,0.003028266324440055,0.003028266324440055,-0.0007857088134098691,-0.0007857088134098691,0.0004890486631503275,0.0004890486631503275,-0.0009212301566021699,-0.0009212301566021699,0.002980988019252818,0.002980988019252818,0.12180973224455868,0.1272489306651916,0.12193540602017293,0.12653306848367765,0.10982610212990451,0.20694316997910214,0.1401319051171757,0.16155393092392184,0.1904650109012975,0.30659513240350833,128.6972,71.28,8909.90772727273,15.949999809265137,94.80000305175781,0.004339747356624901,0.02252187634485736,-0.13126365582622268,0.03324254007365468
2025-01-03,18.520000457763672,64.94999694824219,25.549999237060547,243.49000549316406,77.91999816894531,0.06681266692564547,0.02056319222267411,0.170673092353274,-0.0018037436798598039,-0.006163242885044662,0.2986133626302083,-0.024809217822556295,-0.10633091637994174,0.08492569277253348,0.03579425766425093,0.0027071546436401306,-0.12144210034192027,-0.0560970317446291,0.031309651803371974,0.0908683192271953,-0.0029419776227576095,0.0007205573516370781,0.002232844294180097,-0.000778759712921243,0.001208219322404974,-0.0009028634337008212,0.0008246454566038942,0.000153202393427325,0.011680265777394566,0.005287775066789453,-0.0029419776227576095,-0.0029419776227576095,0.002232844294180097,0.002232844294180097,0.001208219322404974,0.001208219322404974,0.0008246454566038942,0.0008246454566038942,0.011680265777394566,0.011680265777394566,0.14553423079505734,0.13135754719993686,0.12471651249452313,0.1260467257740401,0.1258125071333721,0.20098742920286605,0.14643309334463966,0.16381509765983565,0.18185696905852025,0.29321859372960773,129.6721,74.64,8976.68043478261,16.1299991607666,93.3499984741211,0.007575145380008141,0.047138047138047146,0.011285225934416943,-0.0152954064447135
2025-01-10,19.229999542236328,64.16999816894531,26.889999389648438,248.2100067138672,80.63999938964844,0.12941173202104905,0.04065042731600954,0.18692959216766436,-0.0015285797080384356,0.011162282476629537,0.33561134096546485,0.010902218196234825,-0.04543843390766167,0.15606187124019244,0.039459434715477304,0.05485463659410095,-0.052709346553608816,-0.04861363967221022,0.002633033894470227,0.09131440684904435,0.009877819731937904,0.0036262295449519285,0.0006266033512619243,-0.0011485703302146065,0.006982102526879939,0.003113873624529064,0.004557469990612795,0.0016717066619090365,0.014879744965203853,0.006649796826730564,0.009877819731937904,0.009877819731937904,0.0006266033512619243,0.0006266033512619243,0.006982102526879939,0.006982102526879939,0.004557469990612795,0.004557469990612795,0.014879744965203853,0.014879744965203853,0.17161534418772292,0.1464347231846338,0.12268204015810032,0.1280191992732808,0.15092068061161884,0.20377927909440793,0.13834144037667168,0.16233488094014792,0.2105145799115297,0.2770029263731217,130.0513,77.27,8976.68043478261,19.540000915527344,96.56999969482422,0.002924299058933988,0.03523579849946401,0.21140743534909623,0.0344938540261015
2025-01-17,19.6200008392334,67.54000091552734,27.25,249.27000427246094,82.5199966430664,0.12578435480825667,0.1560661224194011,0.1698326562525181,0.02184964244367804,-0.007959565272388502,0.33728547443456924,0.05252995915076508,-0.011965189435058976,0.13070537629336632,0.07330416314299315,0.11604100821277408,-0.0507982212474577,0.01042901272332486,0.05775110453201493,0.15676880240312419,0.00559493207350708,0.003804030778859531,0.00893436317195079,0.0031198915260839625,-0.000872129626858824,0.0025798379960221417,0.0013395563275198,0.0014299806178422435,0.0020517055352217597,0.005512167412286453,0.00559493207350708,0.00559493207350708,0.00893436317195079,0.00893436317195079,-0.000872129626858824,-0.000872129626858824,0.0013395563275198,0.0013395563275198,0.0020517055352217597,0.0020517055352217597,0.1875780610882286,0.14379284204011086,0.16180936101693033,0.13913175992483193,0.1601598219128474,0.20210955154559246,0.12705744274052483,0.16324889918250562,0.23434514258609826,0.2695149704187421,129.6771,78.56,8976.68043478261,15.970000267028809,95.5999984741211,-0.002877326101315414,0.01669470687200736,-0.18270217406497946,-0.01004453995825283
2025-01-24,19.760000228881836,67.7699966430664,27.149999618530273,255.64999389648438,79.5999984741211,0.08078746537637871,0.07234264952631042,0.12239143442302858,0.05885516613398267,0.009197799245614036,0.3565932503925626,0.05806702182301193,-0.010207826596074554,0.12236457292777692,0.0762526999994182,0.10022278597805578,-0.03750610969363222,0.05137427602792988,0.06383584679588394,0.163260413933616,0.0006089424492895217,0.0027882861640070905,0.0017975911096413475,0.0022756941747702803,-0.00012299107365148975,0.0013820790099213158,0.004225130578723397,0.002779821410390364,-0.004388990466391022,0.0008197054745132012,0.0006089424492895217,0.0006089424492895217,0.0017975911096413475,0.0017975911096413475,-0.00012299107365148975,-0.00012299107365148975,0.004225130578723397,0.004225130578723397,-0.004388990466391022,-0.004388990466391022,0.188999094219858,0.1441184808239109,0.149075677747313,0.14424163519245842,0.15717499380181033,0.2003073644518405,0.10928307749057992,0.16299590544848658,0.2561746849669717,0.268321046117706,127.6833,74.97,8976.68043478261,14.850000381469727,86.75,-0.015375112490948584,-0.045697556008146734,-0.07013148821740478,-0.0925732072738138
2025-01-31,19.790000915527344,68.29000091552734,26.850000381469727,258.55999755859375,78.0199966430664,0.014168677155423026,0.08331019549662311,0.12388358831689317,0.0535408666273518,0.024121663201351673,0.37167107458139914,0.06042656813136782,-0.018281535394009008,0.1528552737655302,0.04764433853672334,0.10250696793210468,-0.01786594093390792,0.058103500880146486,0.06916414826382655,0.15460921019059315,-0.0023825022199591072,0.0016488597214181044,-0.001385427201562335,0.0017126251409752401,-0.0015845236881138725,0.00017277478559844719,0.0041817815478104245,0.0028140715760758698,-0.0017378010318047394,-0.0007237395705844704,-0.0023825022199591072,-0.0023825022199591072,-0.001385427201562335,-0.001385427201562335,-0.0015845236881138725,-0.0015845236881138725,0.0041817815478104245,0.0041817815478104245,-0.0017378010318047394,-0.0017378010318047394,0.2047599935908795,0.15208969671018246,0.1617396730287904,0.14933467064838343,0.1630729591722561,0.2068648554643289,0.11659041100233813,0.16319604463304682,0.2641325806307801,0.24147612665359022,128.6686,72.84,8976.68043478261,16.43000030517578,91.76000213623047,0.007716749175499027,-0.028411364545818274,0.10639729852651225,0.05775218600842047
2025-02-07,19.969999313354492,65.05999755859375,28.899999618530273,263.8999938964844,75.86000061035156,-0.018628750123619864,0.03733082810701194,0.060237559395713625,0.07337506402565785,0.06428450859420676,0.4309727606369904,0.08077785586763997,0.06602725812906196,0.25488487871772514,0.07077746497714088,0.08062769523953439,0.012164205610060597,0.020869261351178503,0.00023576235811151314,0.09307755728196754,-0.002594185985012479,0.0013336509756242839,-0.007086349006947635,-0.00248769780775174,0.01502618793669433,0.00595410018733525,0.002800502050257777,0.003161078764433084,-0.003562941028460343,-0.0024581839361160467,-0.002594185985012479,-0.002594185985012479,-0.007086349006947635,-0.007086349006947635,0.01502618793669433,0.01502618793669433,0.002800502050257777,0.002800502050257777,-0.003562941028460343,-0.003562941028460343,0.19464977313526513,0.1550026225313943,0.18459252386537886,0.14968881788046487,0.1782196506238122,0.16489107702252453,0.11332623305078923,0.14865026143459134,0.26365649158143833,0.23370680526432577,128.6144,71.32,9330.975,16.540000915527344,93.12999725341797,-0.0004212371938453474,-0.020867655134541585,0.006695107018160451,0.014930199273029077
2025-02-14,20.31999969482422,65.45999908447266,29.270000457763672,266.2900085449219,75.81999969482422,-0.08584521988182992,0.08702508523045482,0.03016306068924335,0.06260974484942805,0.12553367710701768,0.41975907448885974,0.05477479127076301,0.14335937584401104,0.2040313081359837,0.05394185534957363,0.12451577410067505,0.06443161510763984,-0.015787145061386787,0.003779041097861535,0.09562597407904239,0.0028095966185745884,0.00215296030545717,0.00036952994314763877,-0.0011085574160171557,-0.0006182679745519171,0.00430952904024169,-0.0014869701360490564,0.002306908168664834,-0.0039967210497736105,-0.001972450582390461,0.0028095966185745884,0.0028095966185745884,0.00036952994314763877,0.00036952994314763877,-0.0006182679745519171,-0.0006182679745519171,-0.0014869701360490564,-0.0014869701360490564,-0.0039967210497736105,-0.0039967210497736105,0.1578022949454239,0.15269536731581218,0.1698225921440257,0.15236262598960815,0.25261605505202706,0.18127364510345348,0.13186990486891417,0.14474024918179274,0.18540460134594383,0.23088981508874687,127.3505,71.05,9330.975,14.770000457763672,84.66999816894531,-0.009827048915206915,-0.0037857543466067733,-0.10701332284099452,-0.0908407530760682
2025-02-21,20.239999771118164,66.52999877929688,28.600000381469727,270.739990234375,75.3499984741211,-0.06316053477284123,0.02937160676931616,0.023498990260760078,0.06410406802698576,0.09762420422749973,0.43750661303324545,0.05925927338776771,0.10424713523963636,0.19815665588339515,0.027411116104857358,0.11946901861321191,0.0326530294485865,-0.011441370543011087,0.0006732570966541118,0.1024431458053634,-0.0031276272058200854,0.0008923589522475797,0.001693919659183693,0.0003720537897965739,-0.005110986765176936,0.00113794309848491,0.0012313481123394417,0.0027072573989393002,-0.007802701669137324,-0.0023286364096120897,-0.0031276272058200854,-0.0031276272058200854,0.001693919659183693,0.001693919659183693,-0.005110986765176936,-0.005110986765176936,0.0012313481123394417,0.0012313481123394417,-0.007802701669137324,-0.007802701669137324,0.15893422784462036,0.15560324749457574,0.1724374970170272,0.15165030623668693,0.25606624270809847,0.18544303796170947,0.1305778067812882,0.1421789169108178,0.21775775882479476,0.23044829104087172,127.3285,70.72,9330.975,18.209999084472656,91.83000183105469,-0.00017275157930274343,-0.004644616467276541,0.23290443602530764,0.08456364493858559
2025-02-28,19.06999969482422,66.91000366210938,28.3799991607666,263.2699890136719,75.22000122070312,-0.03291331446093004,0.04880089152856382,0.0118375696282349,0.03568053569755336,0.08123529949595043,0.3242291245241846,0.055018571123578,0.10042645030229136,0.17906105195627253,-0.05500498481493421,0.07497181177371703,-0.0210472205876161,-0.028459401863025646,-0.014666479712305946,0.11164442550443865,-0.013055567134248136,-0.004155023304306472,0.0018160603235087113,0.000727320388747317,-0.002921313984313599,8.975234403321639e-05,-0.006032036999660958,-0.0005970987117810248,0.0005999311695120521,-0.0013451945979179945,-0.013055567134248136,-0.013055567134248136,0.0018160603235087113,0.0018160603235087113,-0.002921313984313599,-0.002921313984313599,-0.006032036999660958,-0.006032036999660958,0.0005999311695120521,0.0005999311695120521,0.16852389069302084,0.16823138432623086,0.15305412311102734,0.14848122638344166,0.25145939136655904,0.185036028089486,0.1471598140168258,0.1345015389520743,0.22242544609571643,0.22978459596580855,128.4646,69.97,9330.975,19.6299991607666,104.45999908447266,0.008922589993599184,-0.010605203619909465,0.07797914045502363,0.13753672004334883
2025-03-07,19.06999969482422,67.58000183105469,29.479999542236328,268.3900146484375,72.08999633789062,-0.05256932832848771,0.008674900050343215,-0.03995205947940883,0.016128458285211034,0.10512235021792127,0.33401268150291075,0.05549585464105111,0.12562042539481344,0.1670625207884764,-0.05453645896425008,0.059444427490234375,-0.04887778451506819,0.0259602097035192,0.0029772796446196903,0.09621400479196662,0.0032232049143884277,-0.0019733496996808117,0.010041441681867483,0.002102802277261899,0.0020355027023329655,0.002701658487047787,0.0002856985373425392,0.0008255954716829335,-0.0018205596341654407,-0.0034585705130379825,0.0032232049143884277,0.0032232049143884277,0.010041441681867483,0.010041441681867483,0.0020355027023329655,0.0020355027023329655,0.0002856985373425392,0.0002856985373425392,-0.0018205596341654407,-0.0018205596341654407,0.18359248942590625,0.17453085307599794,0.17956202832983217,0.16282050270124573,0.3100575520254603,0.21682862178507395,0.144154218929314,0.13446159846689584,0.2504631441747678,0.23330469090533554,126.2243,67.29,9735.82333333334,23.3700008392334,104.41000366210938,-0.017439045464664904,-0.03830212948406453,0.1905248007316136,-0.0004786082979270079
2025-03-14,18.829999923706055,65.12999725341797,30.459999084472656,275.239990234375,72.27999877929688,-0.052935022689751476,-0.012703186952682688,-0.06433658538127018,0.028281004322078696,0.11307016982005513,0.36136116433515664,0.029749802671951597,0.1529144207612516,0.1931060816777017,-0.0678218211628443,0.024483176468256485,-0.06225099625245889,0.0007682148272378786,-0.03778223879385745,0.03838053526465246,-0.0017471740665184095,-0.002202856041455516,-0.0024142702326682714,-0.0012592818009156401,0.00439766351463624,0.0041514117055662615,0.005342407759145959,0.0026003344474602647,0.0017134026463721782,-0.0017237805672158156,-0.0017471740665184095,-0.0017471740665184095,-0.0024142702326682714,-0.0024142702326682714,0.00439766351463624,0.00439766351463624,0.005342407759145959,0.005342407759145959,0.0017134026463721782,0.0017134026463721782,0.1741540642767791,0.17494665424405278,0.19603777415238152,0.17085187131974067,0.29610806952472535,0.22701408626538194,0.1530934231781282,0.13365448908507968,0.24492517948685394,0.2318363979460113,125.9538,67.43,9735.82333333334,21.770000457763672,101.01000213623047,-0.0021430104979786035,0.0020805468866103016,-0.0684638563976282,-0.03256394413012342
2025-03-21,18.8799991607666,65.5,31.899999618530273,278.489990234375,73.79000091552734,-0.05105454104473839,0.016251209134510836,-0.047993821676909576,0.027676299015743533,0.1623121166117898,0.37119636565857483,0.0973512195877293,0.24999996263031732,0.27345311736917766,-0.08081799809005141,0.04367048101244464,-0.03377695618408472,-0.01310837291816802,0.013502201257230562,0.019610227721869267,-0.0007578317560564869,-0.0012680489214248391,-0.002946523776994618,-0.0007254624543715721,0.004891262435492646,0.005718601689012032,-0.0001465662882518135,0.0022189266717961634,0.004660035834073121,0.0006168070782884056,-0.0007578317560564869,-0.0007578317560564869,-0.002946523776994618,-0.002946523776994618,0.004891262435492646,0.004891262435492646,-0.0001465662882518135,-0.0001465662882518135,0.004660035834073121,0.004660035834073121,0.16506260139922707,0.1727563824135711,0.19555965673464046,0.1691457841470609,0.2742752653816699,0.22813359686921567,0.13828869761119722,0.12634788789955206,0.24722097559268785,0.23274215753942404,126.509,68.52,9735.82333333334,19.280000686645508,94.54000091552734,0.004407965460351271,0.01616491176034396,-0.11437757091227685,-0.06405307478339761
2025-03-28,18.459999084472656,65.9800033569336,31.950000762939453,284.05999755859375,74.7699966430664,-0.006774736244691937,0.012457659958756917,-0.09116324670024267,0.07220777341817852,0.17671915799800142,0.3429462548265334,0.11362844782843151,0.23885225392541054,0.21667937869244636,-0.049922861835711596,-0.005923565544388332,-0.07700004577636721,-0.011387391836410465,0.019988668012635102,0.03135391235639995,-0.003916786123026255,-0.0025090029030374198,-0.0014255896872363914,-7.437863095322845e-05,-0.002021535998114754,0.003374857675392193,0.0054495229609365274,0.0031215454843475455,-0.0002635343047137668,0.001058570610374274,-0.003916786123026255,-0.003916786123026255,-0.0014255896872363914,-0.0014255896872363914,-0.002021535998114754,-0.002021535998114754,0.0054495229609365274,0.0054495229609365274,-0.0002635343047137668,-0.0002635343047137668,0.14601125325535846,0.17158521311897523,0.20908118096729567,0.17569995219479617,0.290833139741216,0.23881099374592948,0.12063004308337212,0.12609903087481913,0.20502527554843558,0.2337604584271729,126.6599,69.74,9735.82333333334,21.649999618530273,96.83000183105469,0.0011928005122163743,0.017805020431990615,0.12292525142524346,0.02422256075048579
