,EFFR,Headline_PCE,Core_PCE,3M_Yield,6M_Yield,1Y_Yield,2Y_Yield,5Y_Yield,10Y_Yield,3M_Yield_mom_1m,3M_Yield_mom_3m,3M_Yield_mom_12m,6M_Yield_mom_1m,6M_Yield_mom_3m,6M_Yield_mom_12m,1Y_Yield_mom_1m,1Y_Yield_mom_3m,1Y_Yield_mom_12m,2Y_Yield_mom_1m,2Y_Yield_mom_3m,2Y_Yield_mom_12m,5Y_Yield_mom_1m,5Y_Yield_mom_3m,5Y_Yield_mom_12m,10Y_Yield_mom_1m,10Y_Yield_mom_3m,10Y_Yield_mom_12m,VIX,MOVE,IEF,IEI,SHV,SHY,TLH,TLT,3M_Yield_weekly_change,6M_Yield_weekly_change,1Y_Yield_weekly_change,2Y_Yield_weekly_change,5Y_Yield_weekly_change,10Y_Yield_weekly_change,VIX_weekly_change,MOVE_weekly_change
2023-11-03,5.33,19151.0,120.309,5.53,5.45,5.29,4.83,4.49,4.57,-0.016014234875444844,0.0,0.13786008230452662,-0.021543985637342944,-0.003656307129798808,0.07707509881422947,-0.022181146025878062,-0.013059701492537323,0.04752475247524757,-0.04166666666666663,-0.008213552361396315,0.010460251046024993,-0.03440860215053765,0.046620046620046596,0.07159904534606198,-0.01295896328293733,0.09330143540669877,0.15696202531645564,14.90999984741211,118.73999786376953,0.011695,0.011695,0.011695,0.011695,0.011695,0.011695,,,,,,,,
2023-11-10,5.33,19151.0,120.309,5.53,5.46,5.38,5.04,4.65,4.61,-0.008960573476702427,-0.003603603603603567,0.12627291242362526,-0.014440433212996373,-0.005464480874316946,0.05405405405405417,-0.005545286506469571,-0.0073800738007380184,0.06958250497017882,-0.00591715976331364,0.012048192771084265,0.03703703703703698,-0.043209876543209846,0.05922551252847397,0.09154929577464799,-0.06490872210953336,0.08215962441314573,0.1612090680100755,14.170000076293945,116.79000091552734,0.013967,0.013967,0.013967,0.013967,0.013967,0.013967,0.0,0.0018348623853210455,0.017013232514177634,0.04347826086956519,0.03563474387527843,0.00875273522975939,-0.049631105210682036,-0.01642241016779722
2023-11-17,5.33,19151.0,120.309,5.5,5.39,5.24,4.88,4.45,4.44,-0.01610017889087656,-0.010791366906474753,0.09780439121756501,-0.028828828828828867,-0.01821493624772319,0.042553191489361764,-0.027829313543599188,-0.034990791896869156,0.06938775510204076,-0.022044088176352727,-0.027888446215139417,0.0608695652173914,-0.06512605042016795,0.0,0.1237373737373737,-0.0826446280991735,0.025404157043879882,0.19999999999999996,13.800000190734863,113.11000061035156,0.00333,0.00333,0.00333,0.00333,0.00333,0.00333,-0.005424954792043413,-0.012820512820512886,-0.026022304832713727,-0.031746031746031744,-0.043010752688172116,-0.03687635574837311,-0.02611149495885201,-0.03150954941628503
2023-11-24,5.33,19151.0,120.309,5.54,5.45,5.27,4.92,4.49,4.47,0.001808318264014508,-0.003597122302158251,0.2256637168141593,0.0,-0.0126811594202898,0.1571125265392781,-0.003780718336483968,-0.0347985347985349,0.23708920187793425,0.01863354037267073,-0.03529411764705881,0.2913385826771653,0.0,-0.01750547045951867,0.305232558139535,-0.021881838074398363,0.006756756756756577,0.31858407079646,12.460000038146973,107.43000030517578,0.001708,0.001708,0.001708,0.001708,0.001708,0.001708,0.0072727272727273196,0.011131725417439897,0.005725190839694472,0.008196721311475308,0.008988764044943753,0.006756756756756577,-0.09710145899038092,-0.05021660573358677
2023-12-01,5.33,19289.9,120.528,5.43,5.33,5.05,4.56,4.14,4.22,-0.018083182640144746,-0.021621621621621623,0.14556962025316444,-0.023809523809523836,-0.03616636528028938,0.11974789915966388,-0.06133828996282531,-0.07509157509157516,0.1689814814814814,-0.09523809523809534,-0.0934393638170975,0.21276595744680837,-0.10967741935483888,-0.09999999999999998,0.21407624633431066,-0.08459869848156198,-0.08061002178649235,0.24852071005917153,12.630000114440918,111.51000213623047,0.009181,0.009181,0.009181,0.009181,0.009181,0.009181,-0.019855595667870096,-0.022018348623853212,-0.04174573055028463,-0.07317073170731714,-0.07795100222717166,-0.055928411633109576,0.013643665792414161,0.0379782353110365
2023-12-08,5.33,19289.9,120.528,5.44,5.39,5.13,4.71,4.24,4.23,-0.010909090909090868,-0.03374777975133203,0.12164948453608271,0.0,-0.035778175313059046,0.09109311740890669,-0.020992366412213803,-0.05524861878453036,0.1056034482758621,-0.0348360655737705,-0.07283464566929132,0.16009852216748777,-0.04719101123595504,-0.10736842105263156,0.1777777777777778,-0.04729729729729726,-0.11506276150627615,0.2155172413793105,12.350000381469727,121.6500015258789,0.004205,0.004205,0.004205,0.004205,0.004205,0.004205,0.0018416206261511192,0.011257035647279423,0.015841584158415856,0.03289473684210531,0.024154589371980784,0.0023696682464455776,-0.022169416503096007,0.090933541345112
2023-12-15,5.33,19289.9,120.528,5.44,5.33,4.95,4.44,3.91,3.91,-0.01805054151624541,-0.03202846975088958,0.09898989898989896,-0.022018348623853212,-0.04308797127468589,0.07676767676767682,-0.06072106261859567,-0.08502772643253231,0.07375271149674623,-0.09756097560975596,-0.11904761904761896,0.1183879093198994,-0.12917594654788422,-0.1591397849462366,0.12034383954154726,-0.12527964205816544,-0.1555075593952483,0.15339233038348077,12.279999732971191,115.75,-0.001579,-0.001579,-0.001579,-0.001579,-0.001579,-0.001579,0.0,-0.011131725417439675,-0.03508771929824561,-0.057324840764331086,-0.0778301886792453,-0.0756501182033098,-0.005668068529258163,-0.04849980642724272
2023-12-22,5.33,19289.9,120.528,5.44,5.31,4.82,4.31,3.87,3.9,0.0018416206261511192,-0.02508960573476693,0.05836575875486405,-0.0037523452157599557,-0.041516245487364656,0.055666003976142964,-0.045544554455445474,-0.10905730129390012,0.01048218029350112,-0.054824561403508776,-0.14990138067061154,0.05637254901960764,-0.06521739130434778,-0.20370370370370372,0.07499999999999996,-0.07582938388625593,-0.20892494929006078,0.10795454545454541,13.029999732971191,111.37999725341797,0.002434,0.002434,0.002434,0.002434,0.002434,0.002434,0.0,-0.0037523452157599557,-0.02626262626262621,-0.029279279279279424,-0.010230179028132946,-0.002557544757033292,0.061074919894850366,-0.03775380342619461
2023-12-29,5.33,19289.9,120.528,5.4,5.26,4.79,4.23,3.84,3.88,-0.007352941176470562,-0.03398926654740597,0.05058365758754868,-0.024118738404452666,-0.052252252252252274,0.03747534516765283,-0.06627680311890838,-0.11131725417439697,0.0020920502092049986,-0.10191082802547757,-0.1523046092184368,0.014388489208633226,-0.09433962264150952,-0.19327731092436973,0.04918032786885229,-0.0827423167848701,-0.19834710743801653,0.08683473389355734,12.449999809265137,114.62000274658203,-0.004049,-0.004049,-0.004049,-0.004049,-0.004049,-0.004049,-0.007352941176470562,-0.00941619585687381,-0.006224066390041583,-0.01856148491879328,-0.007751937984496138,-0.00512820512820511,-0.04451265814215022,0.029089653196814336
2024-01-05,5.33,19308.5,121.128,5.47,5.24,4.84,4.4,4.02,4.05,0.0055147058823528106,-0.010849909584086936,0.0725490196078431,-0.016885553470919246,-0.038532110091743066,0.035573122529644285,-0.022222222222222254,-0.0850661625708885,0.008333333333333304,-0.009009009009009028,-0.08902691511387162,0.08910891089108919,0.028132992327365658,-0.10467706013363043,0.14529914529914523,0.03580562659846542,-0.11378555798687096,0.1773255813953487,13.350000381469727,116.19000244140625,0.001646,0.001646,0.001646,0.001646,0.001646,0.001646,0.012962962962962843,-0.0038022813688212143,0.010438413361169019,0.04018912529550822,0.046875,0.04381443298969079,0.07228920369418956,0.01369743201189233
2024-01-12,5.33,19308.5,121.128,5.45,5.16,4.65,4.14,3.84,3.96,0.0018382352941175295,-0.01446654611211573,0.03612167300380231,-0.02824858757062132,-0.05494505494505486,0.005847953216374213,-0.03526970954356845,-0.13568773234200737,-0.016913319238900604,-0.03944315545243615,-0.1785714285714286,0.05612244897959173,-0.007751937984496138,-0.17419354838709689,0.12609970674486792,0.01538461538461533,-0.14099783080260309,0.15116279069767447,12.699999809265137,106.51000213623047,0.00055,0.00055,0.00055,0.00055,0.00055,0.00055,-0.003656307129798808,-0.01526717557251911,-0.03925619834710736,-0.059090909090909194,-0.04477611940298498,-0.022222222222222143,-0.048689180047276515,-0.08331181772766838
2024-01-19,5.33,19308.5,121.128,5.45,5.21,4.84,4.39,4.08,4.15,0.0092592592592593,-0.009090909090909038,0.03809523809523818,-0.009505703422053147,-0.033395176252319025,0.009689922480620172,0.010438413361169019,-0.07633587786259544,0.0189473684210526,0.03782505910165468,-0.10040983606557385,0.10301507537688437,0.0625,-0.08314606741573038,0.18260869565217397,0.06958762886597958,-0.06531531531531531,0.19942196531791923,13.300000190734863,104.97000122070312,0.011554,0.011554,0.011554,0.011554,0.011554,0.011554,0.0,0.009689922480620172,0.04086021505376336,0.06038647342995174,0.0625,0.04797979797979801,0.04724412523471089,-0.014458744574595173
2024-01-26,5.33,19308.5,121.128,5.44,5.19,4.78,4.34,4.04,4.15,-0.005484460694698212,-0.01805054151624541,0.02835538752362954,-0.009541984732824416,-0.047706422018348627,-0.03171641791044777,-0.012396694214875992,-0.09297912713472478,-0.04780876494023889,-0.01363636363636378,-0.11788617886178865,0.014018691588784993,0.004975124378109541,-0.10022271714922049,0.07446808510638303,0.024691358024691468,-0.07158836689038017,0.12162162162162171,13.260000228881836,100.2300033569336,4.4e-05,4.4e-05,4.4e-05,4.4e-05,4.4e-05,4.4e-05,-0.0018348623853210455,-0.0038387715930900956,-0.012396694214875992,-0.011389521640091105,-0.009803921568627416,0.0,-0.003007515885668388,-0.04515573791223948
2024-02-02,5.33,19412.7,121.418,5.43,5.22,4.81,4.36,3.99,4.03,-0.003669724770642313,0.0,0.016853932584269593,0.011627906976744207,-0.0206378986866792,-0.040441176470588314,0.034408602150537426,-0.04752475247524757,-0.08380952380952389,0.053140096618357724,-0.04385964912280682,-0.03964757709251099,0.0390625,-0.03623188405797084,0.017857142857143016,0.017676767676767735,-0.04502369668246431,0.06052631578947376,13.850000381469727,106.72000122070312,0.007568,0.007568,0.007568,0.007568,0.007568,0.007568,-0.0018382352941177516,0.005780346820809079,0.006276150627614996,0.004608294930875667,-0.012376237623762387,-0.028915662650602414,0.04449473170466467,0.06475104905122775
2024-02-09,5.33,19412.7,121.418,5.44,5.26,4.86,4.48,4.14,4.17,-0.0018348623853210455,0.0,-0.010909090909090868,0.009596928982725572,-0.024118738404452666,-0.043636363636363695,0.004132231404958775,-0.05263157894736836,-0.06896551724137923,0.0205011389521641,-0.048832271762207946,-0.004444444444444362,0.014705882352941124,-0.02358490566037752,0.078125,0.004819277108433662,-0.014184397163120699,0.13008130081300817,12.930000305175781,106.20999908447266,0.006382,0.006382,0.006382,0.006382,0.006382,0.006382,0.0018416206261511192,0.00766283524904221,0.010395010395010562,0.02752293577981657,0.037593984962405846,0.03473945409429269,-0.0664259964588042,-0.0047788805322045436
2024-02-16,5.33,19412.7,121.418,5.44,5.31,4.98,4.64,4.29,4.3,0.0,0.0,0.013035381750465591,0.02312138728323676,-0.0037523452157599557,-0.014842300556586308,0.04184100418410042,0.0060606060606061,-0.03675048355899413,0.06912442396313367,0.04504504504504481,0.01089324618736387,0.061881188118811936,0.09718670076726332,0.0943877551020409,0.036144578313252795,0.0997442455242965,0.14666666666666672,14.239999771118164,109.19999694824219,-0.004713,-0.004713,-0.004713,-0.004713,-0.004713,-0.004713,0.0,0.009505703422053147,0.024691358024691468,0.03571428571428559,0.036231884057971175,0.031175059952038398,0.10131472815340925,0.02815175491519839
2024-02-23,5.33,19412.7,121.418,5.46,5.32,5.0,4.67,4.28,4.26,0.005524861878453136,0.003676470588235281,0.022471910112359605,0.019157088122605526,0.0018832391713747842,-0.005607476635513864,0.03950103950103956,0.03734439834024883,-0.04580152671755733,0.07110091743119251,0.08352668213457082,-0.00638297872340432,0.07268170426065157,0.10594315245478048,0.07268170426065157,0.05707196029776673,0.0923076923076922,0.12997347480106103,13.75,108.30999755859375,0.000687,0.000687,0.000687,0.000687,0.000687,0.000687,0.003676470588235281,0.0018832391713747842,0.00401606425702794,0.006465517241379448,-0.002331002331002252,-0.009302325581395321,-0.03441009683946705,-0.008150177788652124
2024-03-01,5.33,19553.2,121.829,5.42,5.27,4.94,4.54,4.17,4.19,-0.003676470588235392,0.0037037037037035425,0.001848428835489857,0.001901140684410496,0.001901140684410496,-0.025878003696857776,0.016460905349794164,0.03131524008350728,-0.059047619047619015,0.013392857142856984,0.07328605200945626,-0.03609341825902335,0.007246376811594235,0.0859375,0.045112781954887105,0.004796163069544557,0.079896907216495,0.1203208556149733,13.109999656677246,106.4800033569336,0.008189,0.008189,0.008189,0.008189,0.008189,0.008189,-0.0073260073260073,-0.009398496240601628,-0.0119999999999999,-0.027837259100642386,-0.02570093457943934,-0.016431924882629012,-0.04654547951438215,-0.016895893665496264
2024-03-08,5.33,19553.2,121.829,5.46,5.34,4.92,4.48,4.06,4.09,0.003676470588235281,-0.001828153564899404,0.005524861878453136,0.005649717514124353,0.01908396946564883,-0.023765996343692808,-0.012048192771084487,0.016528925619834656,-0.08888888888888902,-0.0344827586206895,0.0181818181818183,-0.08008213552361387,-0.053613053613053685,0.00995024875621886,-0.016949152542372947,-0.0488372093023256,0.009876543209876631,0.0734908136482939,14.739999771118164,100.87999725341797,-0.005701,-0.005701,-0.005701,-0.005701,-0.005701,-0.005701,0.007380073800737907,0.013282732447817969,-0.004048582995951455,-0.013215859030836885,-0.026378896882494063,-0.023866348448687513,0.12433258254211466,-0.05259209172584023
2024-03-15,5.33,19553.2,121.829,5.48,5.38,5.05,4.72,4.33,4.31,0.00366300366300365,0.005504587155963359,0.00366300366300365,0.011278195488721776,0.042635658914728536,-0.027124773960217063,0.010000000000000009,0.08602150537634401,-0.06654343807763408,0.01070663811563155,0.14009661835748788,-0.044534412955465674,0.011682242990654235,0.12760416666666674,-0.0045977011494251485,0.011737089201877993,0.08838383838383823,0.061576354679802936,14.40999984741211,97.81999969482422,-0.005012,-0.005012,-0.005012,-0.005012,-0.005012,-0.005012,0.00366300366300365,0.0074906367041198685,0.026422764227642226,0.05357142857142838,0.06650246305418728,0.05378973105134466,-0.022388054873152874,-0.0303330456176244
2024-03-22,5.33,19553.2,121.829,5.46,5.34,4.98,4.59,4.2,4.22,0.007380073800737907,0.0018348623853210455,-0.005464480874316946,0.013282732447817969,0.0249520153550864,-0.032608695652173836,0.00809716599190291,0.02892561983471076,-0.0674157303370786,0.011013215859030812,0.04555808656036442,-0.03164556962025322,0.007194244604316502,0.02941176470588247,0.03960396039603964,0.007159904534606021,0.016867469879517927,0.10182767624020883,13.0600004196167,91.04000091552734,-0.002728,-0.002728,-0.002728,-0.002728,-0.002728,-0.002728,-0.0036496350364964014,-0.0074349442379182396,-0.013861386138613763,-0.02754237288135586,-0.03002309468822173,-0.02088167053364265,-0.09368490229636306,-0.06931096708698536
2024-03-29,5.33,19553.2,121.829,5.46,5.38,5.03,4.59,4.21,4.2,0.0,0.003676470588235281,-0.0072727272727273196,0.0074906367041198685,0.03660886319845846,-0.027124773960217063,0.022357723577235866,0.05230125523012541,-0.05981308411214947,0.024553571428571397,0.05760368663594462,-0.047717842323651505,0.036945812807881895,0.04207920792079212,0.02933985330073363,0.02689486552567244,0.012048192771084265,0.09375,13.010000228881836,86.37999725341797,0.001425,0.001425,0.001425,0.001425,0.001425,0.001425,0.0,0.0074906367041198685,0.010040160642570184,0.0,0.0023809523809523725,-0.004739336492890933,-0.003828498401865388,-0.05118633145042717
2024-04-05,5.33,19603.3,122.14,5.43,5.34,5.05,4.73,4.38,4.39,-0.009124087591241059,0.0,-0.016304347826086918,-0.0074349442379182396,0.02298850574712641,-0.036101083032491044,0.0,0.0498960498960499,-0.059590316573556845,0.0021186440677967155,0.08486238532110102,-0.028747433264887046,0.011547344110854452,0.09774436090225547,0.04784688995215314,0.018561484918793614,0.08933002481389574,0.10858585858585856,16.030000686645508,94.30999755859375,0.009819,0.009819,0.009819,0.009819,0.009819,0.009819,-0.005494505494505586,-0.0074349442379182396,0.00397614314115291,0.030501089324618924,0.040380047505938155,0.04523809523809508,0.2321291625390871,0.09180366470620593
2024-04-12,5.33,19603.3,122.14,5.45,5.36,5.13,4.88,4.54,4.5,-0.001831501831501825,0.0018382352941175295,-0.016245487364620947,0.0037453183520599342,0.019011406844106515,-0.025454545454545396,0.030120481927710774,0.05555555555555536,-0.03752345215759856,0.06318082788671031,0.08928571428571419,0.02092050209205021,0.08095238095238089,0.09661835748792269,0.09397590361445785,0.06635071090047395,0.07913669064748197,0.11111111111111116,17.309999465942383,112.81999969482422,-0.014894,-0.014894,-0.014894,-0.014894,-0.014894,-0.014894,0.0036832412523020164,0.0037453183520599342,0.015841584158415856,0.031712473572938604,0.0365296803652968,0.02505694760820054,0.07985020115209562,0.1962676557671461
2024-04-19,5.33,19603.3,122.14,5.45,5.39,5.17,4.97,4.66,4.62,-0.001831501831501825,0.0018382352941175295,-0.016245487364620947,0.0018587360594795044,0.015065913370998052,-0.023550724637681153,0.027833001988071482,0.03815261044176688,-0.035447761194029925,0.08278867102396514,0.07112068965517238,0.01635991820040905,0.10688836104513078,0.08624708624708632,0.08120649651972167,0.10000000000000009,0.07441860465116279,0.11057692307692313,18.709999084472656,111.26000213623047,-0.006374,-0.006374,-0.006374,-0.006374,-0.006374,-0.006374,0.0,0.005597014925373012,0.007797270955165692,0.018442622950819665,0.026431718061673992,0.026666666666666616,0.08087808559929699,-0.013827313976365052
2024-04-26,5.33,19603.3,122.14,5.46,5.4,5.21,4.96,4.68,4.67,0.005524861878453136,0.0,-0.01621621621621616,0.011235955056179803,0.015037593984962516,-0.021739130434782483,0.03168316831683171,0.04200000000000004,-0.0261682242990654,0.04862579281183921,0.062098501070663836,0.008130081300812941,0.06849315068493156,0.09345794392523343,0.06849315068493156,0.06378132118451041,0.096244131455399,0.096244131455399,15.029999732971191,104.4000015258789,0.009415,0.009415,0.009415,0.009415,0.009415,0.009415,0.0018348623853210455,0.0018552875695734272,0.007736943907156624,-0.002012072434607548,0.0042918454935620964,0.010822510822510845,-0.1966862389937517,-0.061657383413959876
2024-05-03,5.33,19697.3,122.239,5.45,5.41,5.12,4.81,4.48,4.5,0.0,0.005535055350553542,-0.028520499108734443,0.009328358208955168,0.026565464895635715,-0.035650623885918,-0.0019493177387913674,0.036437246963562764,-0.05882352941176472,-0.014344262295082011,0.05947136563876643,-0.04373757455268401,-0.013215859030836885,0.07434052757793785,0.009009009009008917,0.0,0.07398568019093066,0.05882352941176472,13.489999771118164,95.95999908447266,0.011428,0.011428,0.011428,0.011428,0.011428,0.011428,-0.001831501831501825,0.0018518518518517713,-0.017274472168905874,-0.030241935483870996,-0.04273504273504258,-0.03640256959314769,-0.10246174246262574,-0.08084293408093601
2024-05-10,5.33,19697.3,122.239,5.47,5.43,5.17,4.87,4.52,4.5,0.003669724770642091,0.001831501831501825,-0.010849909584086936,0.007421150278293043,0.016853932584269593,-0.007312614259597838,0.0,0.05081300813008127,-0.035447761194029925,-0.02012072434607637,0.0870535714285714,0.0,-0.030042918454935785,0.11330049261083741,0.05361305361305346,-0.025974025974025983,0.10024449877750619,0.07655502392344515,12.550000190734863,94.2300033569336,0.000732,0.000732,0.000732,0.000732,0.000732,0.000732,0.003669724770642091,0.003696857670979492,0.009765625,0.012474012474012586,0.008928571428571175,0.0,-0.06968121544344441,-0.018028300792459984
2024-05-17,5.33,19697.3,122.239,5.46,5.41,5.14,4.83,4.44,4.42,0.0,-0.0036496350364964014,-0.01621621621621616,0.0018518518518517713,0.005576208178438735,-0.014571948998178486,-0.013435700575815779,0.017821782178217838,-0.05166051660516613,-0.02620967741935487,0.02330508474576276,-0.030120481927710885,-0.0512820512820511,0.025404157043879882,0.011389521640091216,-0.05353319057815842,0.025522041763341052,0.03755868544600949,11.989999771118164,89.3499984741211,0.001631,0.001631,0.001631,0.001631,0.001631,0.001631,-0.001828153564899404,-0.0036832412523019054,-0.005802707930367523,-0.008213552361396315,-0.017699115044247593,-0.01777777777777778,-0.04462154670165852,-0.05178822783575143
2024-05-24,5.33,19697.3,122.239,5.46,5.44,5.21,4.93,4.53,4.46,0.0018348623853210455,0.0,-0.017985611510791255,0.005545286506469571,0.01872659176029967,-0.00910746812386154,0.017578125,0.0461847389558232,-0.04051565377532229,0.02494802494802495,0.07407407407407396,-0.017928286852589626,0.01116071428571419,0.07857142857142851,0.01797752808988773,-0.008888888888888946,0.056872037914692086,0.03002309468822162,11.930000305175781,83.56999969482422,0.007304,0.007304,0.007304,0.007304,0.007304,0.007304,0.0,0.005545286506469571,0.013618677042801508,0.020703933747411973,0.020270270270270174,0.009049773755656076,-0.005004125695390882,-0.06468941105769543
2024-05-31,5.33,19697.3,122.239,5.46,5.42,5.18,4.89,4.52,4.51,-0.001828153564899404,0.0,-0.017985611510791255,-0.0018416206261510082,0.0074349442379182396,-0.018115942028985477,0.0019342359767891004,0.029821073558647937,-0.05128205128205132,0.004106776180698102,0.065359477124183,-0.04117647058823526,0.0,0.07363420427553424,-0.010940919037199293,0.0022222222222221255,0.07380952380952377,0.015765765765765716,12.920000076293945,91.13999938964844,0.007227,0.007227,0.007227,0.007227,0.007227,0.007227,0.0,-0.003676470588235392,-0.0057581573896353655,-0.008113590263691739,-0.002207505518763919,0.011210762331838486,0.08298405245544349,0.0905827416832341
2024-06-07,5.33,19747.5,122.51,5.52,5.4,5.17,4.87,4.46,4.43,0.01098901098901095,0.016574585635359185,-0.005405405405405461,-0.001848428835489746,0.011235955056179803,-0.023508137432188048,0.005836575875486361,0.023762376237623783,-0.05311355311355315,0.008281573498964745,0.029598308668076,-0.031809145129224725,0.0045045045045044585,0.0182648401826484,-0.030434782608695587,0.002262443438914019,0.009111617312072884,-0.034858387799564294,12.220000267028809,91.81999969482422,-0.003188,-0.003188,-0.003188,-0.003188,-0.003188,-0.003188,0.01098901098901095,-0.0036900369003689537,-0.0019305019305019266,-0.004089979550102152,-0.01327433628318575,-0.0177383592017738,-0.05417955148077125,0.00746105233409744
2024-06-14,5.33,19747.5,122.51,5.51,5.36,5.07,4.67,4.22,4.2,0.009157509157509125,0.011009174311926495,-0.02131438721136769,-0.014705882352941235,0.0,-0.041144901610017826,-0.026871401151631447,-0.011695906432748426,-0.0662983425414364,-0.05273833671399586,-0.04303278688524592,-0.08070866141732291,-0.06843267108167783,-0.07048458149779746,-0.11157894736842111,-0.058295964125560484,-0.06666666666666665,-0.12133891213389125,12.65999984741211,100.16000366210938,-0.001966,-0.001966,-0.001966,-0.001966,-0.001966,-0.001966,-0.0018115942028985588,-0.007407407407407418,-0.01934235976789156,-0.04106776180698157,-0.053811659192825156,-0.05191873589164775,0.03600651151951917,0.09082992806582713
2024-06-21,5.33,19747.5,122.51,5.49,5.36,5.1,4.7,4.26,4.25,0.005494505494505475,0.007339449541284404,-0.02313167259786475,-0.011070110701106972,-0.0055658627087197265,-0.037701974865350096,-0.015444015444015413,-0.013539651837524258,-0.0573012939001849,-0.03885480572597122,-0.05432595573440635,-0.06746031746031744,-0.05752212389380529,-0.0858369098712447,-0.08387096774193559,-0.05764966740576494,-0.0800865800865801,-0.0820734341252699,13.199999809265137,94.08999633789062,-0.001147,-0.001147,-0.001147,-0.001147,-0.001147,-0.001147,-0.003629764065335661,0.0,0.005917159763313418,0.0064239828693790635,0.009478672985782088,0.011904761904761862,0.042654025936928575,-0.060603106053150446
2024-06-28,5.33,19747.5,122.51,5.48,5.33,5.09,4.71,4.33,4.36,-0.007246376811594013,0.00366300366300365,-0.017921146953404965,-0.012962962962963065,-0.012962962962963065,-0.03790613718411551,-0.015473887814313358,-0.02303262955854124,-0.05914972273567476,-0.03285420944558526,-0.050403225806451624,-0.07100591715976334,-0.029147982062780242,-0.07478632478632474,-0.10905349794238683,-0.015801354401805745,-0.06638115631691643,-0.11561866125760634,12.4399995803833,98.58999633789062,-0.002679,-0.002679,-0.002679,-0.002679,-0.002679,-0.002679,-0.0018214936247722413,-0.005597014925373234,-0.0019607843137254832,0.0021276595744681437,0.016431924882629234,0.025882352941176467,-0.057575775747238156,0.04782655091025667
2024-07-05,5.33,19866.3,122.722,5.46,5.34,4.98,4.6,4.22,4.28,-0.00907441016333932,0.0018348623853210455,-0.023255813953488302,-0.003731343283582156,-0.012939001848428888,-0.037837837837837784,-0.017751479289940808,-0.02734374999999989,-0.07606679035250452,-0.014989293361884481,-0.043659043659043606,-0.07815631262525058,0.0,-0.05803571428571441,-0.11344537815126055,0.01904761904761898,-0.04888888888888887,-0.11570247933884292,12.479999542236328,98.77999877929688,0.004255,0.004255,0.004255,0.004255,0.004255,0.004255,-0.0036496350364964014,0.0018761726078799779,-0.02161100196463639,-0.023354564755838747,-0.025404157043879994,-0.01834862385321101,0.0032154311255849777,0.0019271979761015245
2024-07-12,5.33,19866.3,122.722,5.43,5.23,4.87,4.45,4.1,4.18,-0.010928961748634003,-0.007312614259597838,-0.018083182640144746,-0.02425373134328357,-0.036832412523020164,-0.04036697247706422,-0.045098039215686225,-0.05802707930367501,-0.07939508506616255,-0.05319148936170215,-0.08624229979466114,-0.07867494824016563,-0.03755868544600938,-0.09292035398230092,-0.08685968819599121,-0.016470588235294237,-0.07111111111111112,-0.08533916849015333,12.460000038146973,86.79000091552734,0.006245,0.006245,0.006245,0.006245,0.006245,0.006245,-0.005494505494505586,-0.020599250936329527,-0.02208835341365467,-0.032608695652173836,-0.028436018957346043,-0.02336448598130858,-0.0016025244249144865,-0.1213808261990229
2024-07-19,5.33,19866.3,122.722,5.43,5.24,4.87,4.49,4.16,4.25,-0.009124087591241059,-0.005494505494505586,-0.018083182640144746,-0.016885553470919246,-0.031423290203327126,-0.04029304029304026,-0.043222003929273,-0.052529182879377356,-0.09479553903345717,-0.04670912951167727,-0.07039337474120078,-0.10912698412698407,-0.03926096997690531,-0.06306306306306309,-0.10537634408602159,-0.025229357798165264,-0.038461538461538436,-0.07809110629067251,16.520000457763672,94.29000091552734,-0.006319,-0.006319,-0.006319,-0.006319,-0.006319,-0.006319,0.0,0.0019120458891013214,0.0,0.008988764044943753,0.014634146341463428,0.01674641148325362,0.3258427293087307,0.08641548474345262
2024-07-26,5.33,19866.3,122.722,5.38,5.18,4.79,4.36,4.06,4.2,-0.014652014652014711,-0.014652014652014711,-0.021818181818181848,-0.029962546816479474,-0.04779411764705899,-0.038961038961038974,-0.0381526104417671,-0.08061420345489445,-0.08587786259541985,-0.05217391304347807,-0.11561866125760634,-0.10655737704918022,-0.03791469194312802,-0.10375275938189854,-0.08764044943820237,-0.01869158878504673,-0.058295964125560484,-0.05405405405405406,16.389999389648438,97.76000213623047,0.01132,0.01132,0.01132,0.01132,0.01132,0.01132,-0.009208103130755041,-0.011450381679389388,-0.01642710472279263,-0.028953229398663627,-0.024038461538461675,-0.0117647058823529,-0.007869313832502889,0.03680137010298501
2024-08-02,5.33,19905.0,122.926,5.29,4.88,4.33,3.88,3.62,3.8,-0.025782688766114115,-0.031135531135531136,-0.045126353790613694,-0.06692160611854692,-0.09963099630996308,-0.10458715596330281,-0.11088295687885008,-0.164092664092664,-0.1783681214421251,-0.12808988764044948,-0.20654396728016355,-0.21138211382113825,-0.1170731707317072,-0.19911504424778748,-0.19376391982182628,-0.09090909090909094,-0.15742793791574283,-0.14988814317673382,23.389999389648438,112.26000213623047,-0.019843,-0.019843,-0.019843,-0.019843,-0.019843,-0.019843,-0.016728624535315983,-0.05791505791505791,-0.09603340292275575,-0.11009174311926617,-0.10837438423645307,-0.09523809523809534,0.4270897047391622,0.148322419017483
2024-08-09,5.33,19905.0,122.926,5.33,5.02,4.5,4.05,3.8,3.94,-0.018416206261510082,-0.034420289855072395,-0.018416206261510082,-0.041984732824427606,-0.07037037037037053,-0.05816135084427776,-0.07597535934291588,-0.12959381044487428,-0.1089108910891089,-0.09799554565701563,-0.16837782340862428,-0.11184210526315785,-0.08653846153846156,-0.14798206278026904,-0.08212560386473422,-0.07294117647058829,-0.11060948081264099,-0.06635071090047384,20.3700008392334,108.26000213623047,0.004177,0.004177,0.004177,0.004177,0.004177,0.004177,0.007561436672967936,0.0286885245901638,0.03926096997690531,0.04381443298969079,0.04972375690607733,0.03684210526315801,-0.12911494780763355,-0.03563156889259533
2024-08-16,5.33,19905.0,122.926,5.33,5.02,4.49,4.06,3.77,3.89,-0.009293680297397744,-0.03266787658802173,-0.020220588235294157,-0.030888030888030937,-0.06343283582089565,-0.06864564007421148,-0.06263048016701456,-0.11439842209072981,-0.12475633528265107,-0.06880733944954143,-0.13062098501070674,-0.13800424628450114,-0.07142857142857129,-0.10663507109004733,-0.11084905660377364,-0.07380952380952377,-0.07380952380952377,-0.08037825059101666,14.800000190734863,102.80999755859375,0.002499,0.002499,0.002499,0.002499,0.002499,0.002499,0.0,0.0,-0.0022222222222221255,0.0024691358024691024,-0.007894736842105177,-0.012690355329949221,-0.2734413558673253,-0.050341811103778
2024-08-23,5.33,19905.0,122.926,5.25,4.92,4.36,3.9,3.65,3.81,-0.007561436672967825,-0.04371584699453557,-0.03492647058823539,0.008196721311475308,-0.08208955223880599,-0.07692307692307698,0.006928406466512715,-0.1450980392156862,-0.11919191919191918,0.005154639175257714,-0.17021276595744683,-0.12162162162162171,0.008287292817679592,-0.14319248826291076,-0.06649616368286448,0.0026315789473685403,-0.10352941176470587,-0.025575447570332477,15.859999656677246,105.62999725341797,0.0134,0.0134,0.0134,0.0134,0.0134,0.0134,-0.015009380863039379,-0.019920318725099584,-0.028953229398663627,-0.039408866995073843,-0.03183023872679047,-0.020565552699228773,0.071621584613625,0.027429236083942543
2024-08-30,5.33,19905.0,122.926,5.21,4.89,4.38,3.91,3.71,3.91,-0.022514071294559068,-0.04927007299270081,-0.042279411764705954,-0.02589641434262946,-0.0825515947467168,-0.07909604519774005,-0.026666666666666727,-0.13948919449901764,-0.09128630705394203,-0.03456790123456788,-0.1698513800424628,-0.0928074245939674,-0.023684210526315752,-0.14318706697459582,-0.04134366925064603,-0.0076142131979695105,-0.10321100917431192,0.002564102564102555,15.0,107.7699966430664,0.009298,0.009298,0.009298,0.009298,0.009298,0.009298,-0.007619047619047636,-0.0060975609756097615,0.004587155963302614,0.002564102564102555,0.016438356164383494,0.026246719160105014,-0.05422444358724665,0.020259390753502915
2024-09-06,5.33,20044.1,123.234,5.13,4.69,4.1,3.66,3.5,3.72,-0.03752345215759856,-0.06043956043956045,-0.050000000000000044,-0.06573705179282852,-0.12172284644194742,-0.10836501901140672,-0.08685968819599121,-0.17670682730923704,-0.14405010438413368,-0.09852216748768461,-0.20434782608695645,-0.13475177304964547,-0.07161803713527848,-0.17061611374407581,-0.08854166666666663,-0.04370179948586117,-0.13084112149532712,-0.04123711340206182,22.3799991607666,107.23999786376953,-0.016697,-0.016697,-0.016697,-0.016697,-0.016697,-0.016697,-0.015355086372360827,-0.04089979550102241,-0.06392694063926951,-0.06393861892583119,-0.05660377358490565,-0.04859335038363166,0.4919999440511067,-0.004917869498059169
2024-09-13,5.33,20044.1,123.234,4.97,4.6,4.0,3.57,3.43,3.66,-0.053333333333333344,-0.0847145488029466,-0.09140767824497253,-0.06504065040650409,-0.12045889101338447,-0.12213740458015276,-0.0825688073394496,-0.17864476386036965,-0.17355371900826444,-0.08461538461538465,-0.19775280898876413,-0.1886363636363637,-0.0602739726027397,-0.1634146341463414,-0.1467661691542287,-0.03937007874015741,-0.12440191387559796,-0.09629629629629621,16.559999465942383,100.5999984741211,0.00721,0.00721,0.00721,0.00721,0.00721,0.00721,-0.031189083820662766,-0.019189765458422325,-0.024390243902438935,-0.024590163934426257,-0.019999999999999907,-0.016129032258064502,-0.2600536154186729,-0.061917190618405726
2024-09-20,4.83,20044.1,123.234,4.75,4.43,3.92,3.55,3.48,3.73,-0.08829174664107486,-0.12523020257826878,-0.12844036697247707,-0.09406952965235171,-0.15458015267175584,-0.1414728682170543,-0.10502283105022836,-0.19507186858316228,-0.15698924731182806,-0.09207161125319696,-0.20935412026726063,-0.14251207729468596,-0.061994609164420456,-0.16346153846153855,-0.09375,-0.04603580562659848,-0.12235294117647055,-0.058080808080808066,16.149999618530273,91.0,-0.002509,-0.002509,-0.002509,-0.002509,-0.002509,-0.002509,-0.044265593561368166,-0.036956521739130443,-0.020000000000000018,-0.0056022408963585235,0.014577259475218707,0.0191256830601092,-0.024758445690491904,-0.095427421667314
2024-09-27,4.83,20044.1,123.234,4.68,4.35,3.9,3.55,3.5,3.75,-0.08771929824561409,-0.13011152416356886,-0.14128440366972483,-0.07249466950959504,-0.16023166023166024,-0.1650671785028791,-0.04878048780487798,-0.1858037578288101,-0.19421487603305787,-0.030054644808743203,-0.18577981651376152,-0.19134396355353078,0.0,-0.13793103448275856,-0.1421568627450981,0.008064516129032251,-0.1071428571428572,-0.09638554216867479,16.959999084472656,92.52999877929688,-0.000638,-0.000638,-0.000638,-0.000638,-0.000638,-0.000638,-0.01473684210526327,-0.018058690744921058,-0.005102040816326481,0.0,0.005747126436781658,0.00536193029490617,0.05015476687770337,0.016813173398866788
2024-10-04,4.83,20123.2,123.595,4.73,4.45,4.2,3.93,3.81,3.98,-0.04828973843058337,-0.10586011342155,-0.13051470588235292,-0.032608695652173836,-0.08811475409836056,-0.1425818882466282,0.050000000000000044,-0.03002309468822173,-0.12133891213389125,0.10084033613445387,0.012886597938144506,-0.09447004608294929,0.11078717201166177,0.05248618784530379,-0.05693069306930698,0.08743169398907091,0.047368421052631726,-0.04096385542168679,19.209999084472656,100.1500015258789,0.00949,0.00949,0.00949,0.00949,0.00949,0.00949,0.010683760683760868,0.02298850574712663,0.0769230769230771,0.10704225352112684,0.08857142857142852,0.06133333333333324,0.13266510150109245,0.08235170049831408
2024-10-11,4.83,20123.2,123.595,4.73,4.44,4.18,3.95,3.88,4.08,-0.004210526315789331,-0.11257035647279545,-0.1289134438305708,0.0022573363431153126,-0.11553784860557759,-0.14942528735632177,0.06632653061224492,-0.07111111111111112,-0.13097713097713093,0.11267605633802824,-0.024691358024691246,-0.09403669724770647,0.11494252873563227,0.021052631578947434,-0.027568922305764465,0.09383378016085797,0.035532994923857864,0.012406947890818865,20.459999084472656,118.47000122070312,0.007488,0.007488,0.007488,0.007488,0.007488,0.007488,0.0,-0.0022471910112359383,-0.004761904761904856,0.0050890585241729624,0.018372703412073532,0.025125628140703515,0.0650702789991473,0.18292560574839634
2024-10-18,4.83,20123.2,123.595,4.73,4.45,4.19,3.95,3.88,4.08,0.010683760683760868,-0.11257035647279545,-0.13051470588235292,0.02298850574712663,-0.11354581673306763,-0.15399239543726229,0.07435897435897454,-0.06681514476614692,-0.13786008230452673,0.11267605633802824,-0.027093596059113212,-0.11830357142857151,0.10857142857142854,0.02917771883289122,-0.0628019323671497,0.08800000000000008,0.04884318766066831,-0.021582733812949617,18.030000686645508,123.12999725341797,0.003934,0.003934,0.003934,0.003934,0.003934,0.003934,0.0,0.0022522522522521182,0.0023923444976077235,0.0,0.0,0.0,-0.11876825545272407,0.03933481881234657
2024-10-25,4.83,20123.2,123.595,4.73,4.51,4.29,4.11,4.07,4.25,0.0,-0.09904761904761894,-0.13051470588235292,0.01348314606741563,-0.08333333333333337,-0.15065913370998119,0.021428571428571352,-0.016055045871559703,-0.13855421686746994,0.04580152671755733,0.05384615384615388,-0.11422413793103436,0.06824146981627299,0.11506849315068512,-0.05128205128205121,0.0678391959798994,0.11548556430446189,-0.011627906976744096,20.329999923706055,128.39999389648438,-0.001133,-0.001133,-0.001133,-0.001133,-0.001133,-0.001133,0.0,0.01348314606741563,0.02386634844868718,0.040506329113924044,0.0489690721649485,0.04166666666666674,0.12756512198938053,0.04280026606530374
2024-11-01,4.83,20235.1,123.716,4.61,4.42,4.28,4.21,4.22,4.37,-0.025369978858351017,-0.11516314779270631,-0.15567765567765557,-0.0045045045045045695,-0.09611451942740279,-0.16917293233082709,0.02392344497607679,-0.022831050228310446,-0.1439999999999999,0.06582278481012649,0.07672634271099743,-0.09850107066381153,0.08762886597938135,0.13746630727762787,-0.014018691588785215,0.07107843137254899,0.11764705882352944,0.025821596244131495,21.8799991607666,132.5800018310547,0.003685,0.003685,0.003685,0.003685,0.003685,0.003685,-0.025369978858351017,-0.019955654101995512,-0.002331002331002252,0.024330900243308973,0.03685503685503666,0.028235294117647136,0.0762419696447294,0.03255458047716275
2024-11-08,4.58,20235.1,123.716,4.63,4.42,4.32,4.26,4.2,4.3,-0.02114164904862592,-0.09746588693957114,-0.14575645756457567,-0.006741573033707926,-0.05756929637526664,-0.16129032258064513,0.031026252983293423,0.05365853658536612,-0.1255060728744939,0.07848101265822782,0.16393442622950816,-0.06167400881057272,0.08247422680412386,0.19999999999999996,0.007194244604316502,0.05392156862745101,0.15591397849462352,0.026252983293555854,14.9399995803833,99.8499984741211,0.003842,0.003842,0.003842,0.003842,0.003842,0.003842,0.00433839479392617,0.0,0.009345794392523477,0.01187648456057011,-0.004739336492890933,-0.016018306636155666,-0.31718463649795436,-0.24686983636220716
2024-11-15,4.58,20235.1,123.716,4.6,4.44,4.34,4.31,4.3,4.43,-0.02748414376321373,-0.07444668008048294,-0.15750915750915762,-0.015521064301551979,-0.03478260869565197,-0.16853932584269649,0.011655011655011593,0.08499999999999996,-0.11788617886178865,0.04866180048661772,0.20728291316526604,-0.037946428571428714,0.05651105651105648,0.25364431486880457,0.05911330049261099,0.04235294117647048,0.2103825136612021,0.08312958435207829,16.139999389648438,102.47000122070312,-0.01227,-0.01227,-0.01227,-0.01227,-0.01227,-0.01227,-0.006479481641468721,0.00452488687782826,0.004629629629629539,0.011737089201877993,0.023809523809523725,0.03023255813953485,0.08032127462980498,0.026239386946621535
2024-11-22,4.58,20235.1,123.716,4.63,4.46,4.42,4.37,4.3,4.41,0.00433839479392617,-0.025263157894736876,-0.155109489051095,0.009049773755656076,0.006772009029345494,-0.17100371747211895,0.032710280373831724,0.12755102040816335,-0.12475247524752475,0.038004750593824355,0.23098591549295788,-0.07415254237288127,0.018957345971563955,0.23563218390804597,-0.006928406466512715,0.009153318077803174,0.18230563002680977,0.023201856148491906,15.239999771118164,99.13999938964844,0.005529,0.005529,0.005529,0.005529,0.005529,0.005529,0.006521739130434856,0.0045045045045044585,0.018433179723502224,0.013921113689095321,0.0,-0.004514672686230181,-0.05576206025803809,-0.0324973337697384
2024-11-29,4.58,20235.1,123.716,4.58,4.42,4.3,4.13,4.05,4.18,-0.010799136069114423,-0.02136752136752129,-0.16117216117216115,0.0,0.016091954022988464,-0.17228464419475653,-0.004629629629629761,0.10256410256410264,-0.13654618473895597,-0.030516431924882625,0.16338028169014085,-0.10021786492374729,-0.03571428571428581,0.15714285714285703,-0.03571428571428581,-0.027906976744186074,0.1146666666666667,-0.009478672985781977,13.510000228881836,95.22000122070312,0.005464,0.005464,0.005464,0.005464,0.005464,0.005464,-0.010799136069114423,-0.008968609865470878,-0.02714932126696834,-0.05491990846681927,-0.05813953488372092,-0.052154195011338,-0.11351703203532248,-0.039540026155725494
2024-12-06,4.58,20408.1,123.98,4.42,4.34,4.19,4.1,4.03,4.15,-0.03913043478260869,-0.06553911205074003,-0.19047619047619047,-0.022522522522522626,-0.024719101123595544,-0.19330855018587356,-0.034562211981566726,-0.0023809523809523725,-0.16699801192842934,-0.04872389791183296,0.043256997455470625,-0.10675381263616568,-0.06279069767441847,0.05774278215223094,-0.04275534441805218,-0.06320541760722331,0.04271356783919611,-0.011904761904761862,12.770000457763672,83.19999694824219,0.003013,0.003013,0.003013,0.003013,0.003013,0.003013,-0.03493449781659397,-0.018099547511312264,-0.025581395348837077,-0.007263922518159882,-0.004938271604938205,-0.007177033492822837,-0.05477422343311167,-0.12623402770811454
2024-12-13,4.58,20408.1,123.98,4.34,4.32,4.24,4.25,4.25,4.4,-0.06263498920086397,-0.08245243128964075,-0.20073664825046034,-0.03139013452914796,-0.027027027027027084,-0.1910112359550561,-0.040723981900452455,0.014354066985646119,-0.16039603960396032,-0.027459954233409634,0.07594936708860756,-0.10147991543340384,-0.011627906976744096,0.09536082474226815,-0.029680365296803624,-0.0022675736961450532,0.07843137254901977,0.002277904328018332,13.8100004196167,85.66000366210938,-0.000774,-0.000774,-0.000774,-0.000774,-0.000774,-0.000774,-0.018099547511312264,-0.004608294930875445,0.01193317422434359,0.03658536585365857,0.05459057071960283,0.06024096385542177,0.0814408711489707,0.029567389472352046
2024-12-20,4.33,20408.1,123.98,4.34,4.29,4.27,4.3,4.37,4.52,-0.05240174672489084,-0.08245243128964075,-0.20366972477064227,-0.02941176470588236,-0.035955056179775347,-0.19962686567164178,-0.006976744186046546,0.01909307875894961,-0.16764132553606248,0.041162227602905554,0.08860759493670867,-0.11885245901639341,0.07901234567901239,0.12628865979381443,-0.037444933920704804,0.08133971291866016,0.1078431372549018,0.004444444444444251,18.360000610351562,91.75,0.010642,0.010642,0.010642,0.010642,0.010642,0.010642,0.0,-0.006944444444444531,0.007075471698112956,0.0117647058823529,0.028235294117647136,0.027272727272727115,0.3294714013383897,0.07109498105922274
2024-12-27,4.33,20408.1,123.98,4.31,4.29,4.2,4.31,4.45,4.62,-0.02488687782805432,-0.08879492600422845,-0.20917431192660563,-0.011520737327188946,-0.04878048780487798,-0.20408163265306112,0.0023866348448686736,-0.020979020979020935,-0.1876208897485493,0.051219512195122,0.04866180048661772,-0.1327967806841046,0.10421836228287829,0.09336609336609336,-0.045064377682403456,0.11325301204819271,0.08705882352941186,0.0,15.949999809265137,94.80000305175781,-0.010692,-0.010692,-0.010692,-0.010692,-0.010692,-0.010692,-0.00691244239631339,0.0,-0.016393442622950727,0.0023255813953488857,0.01830663615560635,0.02212389380530988,-0.13126365582622268,0.03324254007365468
2025-01-03,4.33,20351.5,124.35,4.34,4.25,4.18,4.28,4.41,4.6,0.0,-0.05856832971800441,-0.20512820512820518,-0.01620370370370372,-0.038461538461538436,-0.21296296296296302,-0.014150943396226578,-0.02336448598130858,-0.19769673704414592,0.007058823529411784,0.016627078384798155,-0.13709677419354838,0.03764705882352937,0.04502369668246464,-0.0576923076923076,0.04545454545454519,0.05263157894736836,-0.014989293361884481,16.1299991607666,93.3499984741211,-0.003392,-0.003392,-0.003392,-0.003392,-0.003392,-0.003392,0.006960556844547661,-0.009324009324009341,-0.004761904761904856,-0.006960556844547439,-0.008988764044943864,-0.0043290043290044045,0.011285225934416943,-0.0152954064447135
2025-01-10,4.33,20351.5,124.35,4.36,4.27,4.25,4.4,4.59,4.77,0.004608294930875667,-0.05831533477321804,-0.19999999999999996,-0.004662004662004726,-0.03393665158371051,-0.21072088724584115,-0.004683840749414414,-0.01620370370370372,-0.169921875,0.023255813953488413,0.032863849765258246,-0.08523908523908508,0.05034324942791746,0.09285714285714275,0.024553571428571397,0.055309734513274256,0.10930232558139519,0.05999999999999983,19.540000915527344,96.56999969482422,,,,,,,0.004608294930875667,0.004705882352941115,0.01674641148325362,0.028037383177570208,0.04081632653061207,0.03695652173913033,0.21140743534909623,0.0344938540261015
2025-01-17,4.33,20351.5,124.35,4.34,4.28,4.21,4.27,4.42,4.61,0.006960556844547661,-0.05652173913043479,-0.206581352833638,-0.002331002331002252,-0.03603603603603611,-0.21178637200736639,0.0023809523809523725,-0.02995391705069117,-0.1856866537717602,-0.009280742459396807,-0.009280742459396807,-0.12320328542094472,-0.006741573033707926,0.027906976744185963,-0.022123893805309658,-0.0021645021645021467,0.040632054176072296,0.02444444444444449,15.970000267028809,95.5999984741211,,,,,,,-0.004587155963302836,0.0023419203747074846,-0.009411764705882342,-0.029545454545454763,-0.03703703703703698,-0.03354297693920316,-0.18270217406497946,-0.01004453995825283
2025-01-24,4.33,20351.5,124.35,4.35,4.25,4.17,4.27,4.43,4.63,0.0023041474654377225,-0.06047516198704106,-0.20329670329670335,0.0,-0.047085201793722,-0.21441774491682075,-0.0023923444976076125,-0.0565610859728507,-0.188715953307393,-0.00233644859813098,-0.022883295194508158,-0.11594202898550732,0.0045351473922901064,0.03023255813953485,-0.0022522522522524513,0.006521739130434856,0.049886621315192725,0.04751131221719462,14.850000381469727,86.75,,,,,,,0.0023041474654377225,-0.007009345794392607,-0.009501187648456089,0.0,0.002262443438914019,0.00433839479392617,-0.07013148821740478,-0.0925732072738138
2025-01-31,4.33,20351.5,124.35,4.31,4.28,4.17,4.22,4.36,4.58,-0.01146788990825709,-0.058951965065502265,-0.21062271062271065,0.0023419203747074846,-0.03167420814479627,-0.21323529411764708,-0.018823529411764683,-0.03023255813953485,-0.19961612284069097,-0.040909090909091006,0.021791767554479424,-0.14401622718052742,-0.050108932461873534,0.07654320987654328,-0.03752759381898452,-0.0398322851153039,0.09569377990430628,0.026905829596412634,16.43000030517578,91.76000213623047,,,,,,,-0.00919540229885063,0.007058823529411784,0.0,-0.011709601873536313,-0.015801354401805745,-0.010799136069114423,0.10639729852651225,0.05775218600842047
2025-02-07,4.33,20439.3,124.804,4.35,4.3,4.25,4.29,4.34,4.49,0.0023041474654377225,-0.015837104072398245,-0.20329670329670335,0.004672897196261516,-0.009216589861751112,-0.20664206642066418,0.009501187648456089,0.014319809069212264,-0.1795366795366795,0.004683840749414525,0.04634146341463419,-0.12269938650306744,-0.018099547511312264,0.07692307692307687,-0.03982300884955747,-0.026030368763557465,0.08192771084337336,-0.0044345898004433115,16.540000915527344,93.12999725341797,,,,,,,0.009280742459396807,0.004672897196261516,0.01918465227817756,0.0165876777251186,-0.004587155963302836,-0.01965065502183405,0.006695107018160451,0.014930199273029077
2025-02-14,4.33,20439.3,124.804,4.34,4.32,4.23,4.26,4.33,4.47,-0.0022988505747125743,0.0,-0.21376811594202894,0.016470588235294237,0.0,-0.19999999999999996,0.014388489208633226,-0.002358490566037652,-0.18181818181818177,-0.0023419203747072626,0.0023529411764704466,-0.12525667351129366,-0.022573363431151128,0.018823529411764683,-0.029147982062780242,-0.03455723542116629,0.015909090909090873,0.009029345372460584,14.770000457763672,84.66999816894531,,,,,,,-0.0022988505747125743,0.0046511627906977715,-0.004705882352941115,-0.006993006993007089,-0.0023041474654377225,-0.0044543429844099425,-0.10701332284099452,-0.0908407530760682
2025-02-21,4.33,20439.3,124.804,4.32,4.3,4.15,4.19,4.26,4.42,0.0023201856148493682,-0.004608294930875445,-0.21597096188747722,0.004672897196261516,0.002331002331002363,-0.19776119402985082,-0.004796163069544224,-0.02810304449648693,-0.18145956607495062,-0.007109004739336289,-0.025581395348837077,-0.10278372591006413,-0.022935779816513846,-0.02517162471395884,0.009478672985782088,-0.03493449781659397,-0.022123893805309658,0.05238095238095242,18.209999084472656,91.83000183105469,,,,,,,-0.004608294930875445,-0.004629629629629761,-0.01891252955082745,-0.016431924882629012,-0.01616628175519641,-0.01118568232662187,0.23290443602530764,0.08456364493858559
2025-02-28,4.33,20439.3,124.804,4.32,4.25,4.08,3.99,4.03,4.24,-0.006896551724137834,0.0023201856148493682,-0.21311475409836067,-0.011627906976744096,-0.009324009324009341,-0.20708955223880599,-0.040000000000000036,-0.02857142857142858,-0.19999999999999996,-0.0699300699300699,-0.0742459396751739,-0.15106382978723398,-0.07142857142857129,-0.09438202247191008,-0.05399061032863839,-0.055679287305122505,-0.08225108225108224,-0.0023529411764705577,19.6299991607666,104.45999908447266,,,,,,,0.0,-0.011627906976744096,-0.01686746987951815,-0.04773269689737469,-0.05399061032863839,-0.040723981900452455,0.07797914045502363,0.13753672004334883
2025-03-07,4.33,20439.3,124.804,4.34,4.29,4.05,3.99,4.09,4.32,0.0,0.0,-0.2080291970802921,-0.006944444444444531,0.009411764705882453,-0.19512195121951215,-0.042553191489361875,-0.031100478468899517,-0.20432220039292737,-0.06338028169014076,-0.06775700934579443,-0.15286624203821653,-0.05542725173210161,-0.07256235827664403,-0.05542725173210161,-0.03355704697986561,-0.060869565217391175,-0.00917431192660556,23.3700008392334,104.41000366210938,,,,,,,0.004629629629629539,0.009411764705882453,-0.007352941176470673,0.0,0.014888337468982549,0.018867924528301883,0.1905248007316136,-0.0004786082979270079
2025-03-14,4.33,20439.3,124.804,4.33,4.29,4.09,4.02,4.09,4.31,0.0023148148148146586,-0.006880733944954143,-0.2069597069597069,-0.0023255813953487747,0.004683840749414525,-0.196629213483146,-0.014457831325301318,-0.03764705882352948,-0.17871485943775112,-0.04057279236276867,-0.08636363636363653,-0.12608695652173918,-0.039906103286385,-0.10893246187363836,-0.0308056872037914,-0.02488687782805432,-0.09643605870020966,0.007009345794392274,21.770000457763672,101.01000213623047,,,,,,,-0.0023041474654377225,0.0,0.009876543209876631,0.007518796992481036,0.0,-0.0023148148148149916,-0.0684638563976282,-0.03256394413012342
2025-03-21,4.33,20439.3,124.804,4.33,4.26,4.04,3.94,4.0,4.25,0.0023148148148146586,-0.0023041474654377225,-0.20257826887661134,0.0023529411764704466,-0.004672897196261738,-0.18546845124282996,-0.009803921568627416,-0.040380047505938266,-0.17043121149897333,-0.01253132832080206,-0.07728337236533955,-0.11460674157303374,-0.007444168734491385,-0.09502262443438914,-0.024390243902438935,0.002358490566037652,-0.07809110629067251,0.01674641148325362,19.280000686645508,94.54000091552734,,,,,,,0.0,-0.006993006993007089,-0.012224938875305624,-0.01990049751243772,-0.022004889975550057,-0.013921113689094988,-0.11437757091227685,-0.06405307478339761
2025-03-28,4.33,20439.3,124.804,4.33,4.26,4.04,3.89,3.98,4.27,-0.0023041474654377225,-0.0045977011494251485,-0.20257826887661134,-0.006993006993007089,0.0023529411764704466,-0.1870229007633588,-0.0024691358024691024,-0.031175059952038398,-0.17043121149897333,-0.02506265664160401,-0.08899297423887575,-0.13363028953229406,-0.02689486552567233,-0.10158013544018052,-0.04326923076923084,-0.011574074074074292,-0.07775377969762431,0.004705882352941115,21.649999618530273,96.83000183105469,,,,,,,0.0,0.0,0.0,-0.012690355329949221,-0.0050000000000000044,0.004705882352941115,0.12292525142524346,0.02422256075048579
2025-04-04,4.33,20439.3,124.804,4.32,4.23,4.01,3.87,3.91,4.17,-0.004608294930875445,0.0023201856148493682,-0.20147874306839186,-0.00704225352112664,-0.00704225352112664,-0.18965517241379304,-0.004962779156327701,-0.03140096618357491,-0.17319587628865973,-0.017766497461928932,-0.07637231503579955,-0.12045454545454548,-0.02977667493796532,-0.0969976905311778,-0.05783132530120483,-0.02570093457943934,-0.08351648351648344,-0.018823529411764683,21.770000457763672,104.7300033569336,,,,,,,-0.002309468822170868,-0.00704225352112664,-0.007425742574257432,-0.005141388174807249,-0.017587939698492372,-0.023419203747072515,0.005542764034540237,0.08158629945770857
