Date,FXB,FXC,FXE,FXF,FXY,FXB_mom_1m,FXB_mom_3m,FXB_mom_12m,FXC_mom_1m,FXC_mom_3m,FXC_mom_12m,FXE_mom_1m,FXE_mom_3m,FXE_mom_12m,FXF_mom_1m,FXF_mom_3m,FXF_mom_12m,FXY_mom_1m,FXY_mom_3m,FXY_mom_12m,VIX,MOVE,US_T10Y,GBP_T10Y,JPY_T10Y,EUR_T10Y,CHF_T10Y,CAD_T10Y,US_T10Y_weekly_change,GBP_T10Y_weekly_change,JPY_T10Y_weekly_change,EUR_T10Y_weekly_change,CHF_T10Y_weekly_change,CAD_T10Y_weekly_change,VIX_weekly_change,MOVE_weekly_change
2023-11-03,114.08367156982422,69.80579376220703,96.30712127685547,99.00939178466797,62.150001525878906,0.017484635671887627,-0.024750235803802312,0.11224655181942378,0.006384285526041644,-0.015139976484996764,0.023633239404663664,0.018762478626084267,-0.01990460986578002,0.10561491319290406,0.015782508172138332,-0.028145336668267018,0.11242168710536027,-0.00671245278877719,-0.04677907308468843,-0.015991107092673373,14.90999984741211,118.73999786376953,4.576,4.287,0.916,2.638,1.124,3.745,,,,,,,,
2023-11-10,112.86520385742188,69.09407806396484,95.93741607666016,98.5595703125,61.22999954223633,0.006789300563207146,-0.027731802850779252,0.1042008538494994,-0.005967619498372656,-0.018606204575055685,0.00029678762465201736,0.016522449174924292,-0.014937959631184272,0.08205450032363437,0.007037036113141326,-0.026736200864338144,0.08830241705510344,-0.01273784117536958,-0.04193397452001879,-0.03862457430547084,14.170000076293945,116.79000091552734,4.646,4.334,0.857,2.71,1.162,3.84,0.015297202797202925,0.010963377653370632,-0.06441048034934505,0.02729340409401071,0.0338078291814945,0.025367156208277564,-0.049631105210682036,-0.01642241016779722
2023-11-17,114.97591400146484,69.57180786132812,98.02914428710938,100.40880584716797,62.0099983215332,0.026844368118044137,-0.016402833728792254,0.07094532005334075,0.0023080005777145196,-0.006349657433191935,-0.008970857997441906,0.03210248027487661,0.006639308230227403,0.0647265348339805,0.00781739496540923,-0.00827939477897699,0.06330763853019872,-0.00016127275325128476,-0.024386454031908644,-0.0735096662365039,13.800000190734863,113.11000061035156,4.439,4.102,0.752,2.59,1.005,3.684,-0.04455445544554448,-0.053530226119058444,-0.12252042007001163,-0.04428044280442811,-0.1351118760757315,-0.04062499999999991,-0.02611149495885201,-0.03150954941628503
2023-11-24,116.4533920288086,70.18602752685547,98.33074188232422,100.89861297607422,62.11000061035156,0.043696107997854394,0.009800378945251431,0.08688931462817973,0.016428503636114256,0.006182834450448649,0.00387969274989719,0.037186233509698186,0.0179283364118481,0.07800474715280403,0.01722375474730664,0.0030937803251378515,0.07681446523981439,0.003554713570411261,-0.02250551281982005,-0.060078709302296085,12.460000038146973,107.43000030517578,4.472,4.283,0.771,2.645,1.036,3.717,0.007434106780806582,0.04412481716235983,0.025265957446808596,0.021235521235521304,0.030845771144278666,0.008957654723126929,-0.09710145899038092,-0.05021660573358677
2023-12-01,117.46808624267578,70.78353118896484,97.82765197753906,102.30709075927734,63.209999084472656,0.04898561955260661,0.01748302628431264,0.08076218949572667,0.02938980586946216,0.013817282432111,0.017993357730164306,0.03152330713886009,0.014907003086639392,0.061431400224811306,0.04448479017528406,0.01891880104055943,0.08570819945766384,0.026636339090095884,-0.006444512013448422,-0.0642487604916876,12.630000114440918,111.51000213623047,4.209,4.143,0.704,2.361,0.791,3.422,-0.05881037567084091,-0.032687368666822425,-0.08690012970168615,-0.10737240075614363,-0.2364864864864865,-0.0793650793650793,0.013643665792414161,0.0379782353110365
2023-12-08,116.09245300292969,70.29508972167969,96.83336639404297,101.10749053955078,63.97999954223633,0.025108314816022492,0.010915101034574715,0.05502642927363843,0.017238491654337107,0.005004670676918677,0.02544971642342375,0.006990220118346269,0.006819035836467924,0.040188080801673465,0.022326329215596408,0.012818855953981467,0.06630477768287801,0.04100228596326683,0.008830043983905744,-0.06475667128675677,12.350000381469727,121.6500015258789,4.229,4.041,0.772,2.268,0.793,3.375,0.004751722499406252,-0.02461984069514833,0.09659090909090917,-0.039390088945362334,0.0025284450063212116,-0.013734658094681551,-0.022169416503096007,0.090933541345112
2023-12-15,117.30455017089844,71.46733856201172,98.05182647705078,102.15715026855469,65.2300033569336,0.024184675540515954,0.031670610300614355,0.04667387715324112,0.02552119769001293,0.014860124991806778,0.03503581048239046,0.0065247094068248135,0.024650827711055312,0.0364949381160411,0.020256095294618026,0.03086796995426444,0.05786123075853489,0.06463200374708244,0.03737280930184306,-0.054637632508208744,12.279999732971191,115.75,3.915,3.688,0.711,2.013,0.614,3.122,-0.07424923149680773,-0.08735461519425891,-0.07901554404145084,-0.11243386243386244,-0.22572509457755363,-0.07496296296296301,-0.005668068529258163,-0.04849980642724272
2023-12-22,117.65088653564453,72.0534439086914,99.18254852294922,103.9765625,65.08999633789062,0.01952232438922663,0.04888852038218805,0.07977813650404153,0.03393152147138512,0.019667947308277256,0.04715286895184034,0.01357648774466469,0.045467931774016535,0.054763237891997996,0.03306401314470908,0.06632765555444453,0.08027965611248966,0.04882363676362478,0.04294178011586136,-0.07673764059729615,13.029999732971191,111.37999725341797,3.901,3.505,0.625,1.969,0.697,3.214,-0.003575989782886424,-0.04962039045553157,-0.1209563994374121,-0.021857923497267673,0.13517915309446238,0.029468289557975647,0.061074919894850366,-0.03775380342619461
2023-12-29,118.12224578857422,72.17066192626953,99.4652328491211,105.74600219726562,65.80999755859375,0.0071120595447240476,0.053270130173347585,0.08888635388126587,0.027420387177665484,0.029817678820613702,0.048564346706338135,0.008046755913034609,0.05037919529867119,0.0582017552190095,0.03929051641423875,0.08849053939587281,0.10106443150244426,0.044768944355989326,0.05820869933787187,-0.051592475321288855,12.449999809265137,114.62000274658203,3.866,3.539,0.616,2.028,0.701,3.107,-0.008972058446552134,0.009700427960057212,-0.014399999999999968,0.02996444895886241,0.0057388809182210565,-0.03329184816428121,-0.04451265814215022,0.029089653196814336
2024-01-05,117.9476547241211,71.52462768554688,98.6076889038086,104.62625122070312,64.05000305175781,0.013125926399709664,0.05194656556854049,0.08401648669534678,0.017632576483290974,0.031164570322614216,0.029908046396240895,0.015665253032900228,0.04309849808973465,0.04995963351881816,0.029306580434593554,0.07340843095727001,0.09133616455068116,0.015860488926215055,0.02365356183717582,-0.0896816018171751,13.350000381469727,116.19000244140625,4.051,3.785,0.601,2.143,0.83,3.263,0.047853078116916636,0.06951116134501278,-0.024350649350649345,0.05670611439842199,0.18402282453637664,0.05020920502092041,0.07228920369418956,0.01369743201189233
2024-01-12,118.2081069946289,71.37779998779297,98.75420379638672,104.3563003540039,63.97999954223633,0.01670747708289788,0.05444949634224394,0.07756996970046393,0.015261206213912804,0.0268874905769807,0.022012478307595895,0.0162558878317125,0.04636823894869013,0.03615894582590129,0.026852751815491516,0.06626539741418225,0.09033897132347679,0.002821321431477619,0.03160269380854719,-0.09132230912428296,12.699999809265137,106.51000213623047,3.939,3.796,0.592,2.143,0.848,3.22,-0.027647494445815823,0.0029062087186260133,-0.014975041597337757,0.0,0.02168674698795181,-0.013178057002758092,-0.048689180047276515,-0.08331181772766838
2024-01-19,117.87049102783203,71.27012634277344,98.30491638183594,102.43675231933594,62.56999969482422,0.007054423103861396,0.05368604788438858,0.05701858152602646,-0.000847216608397594,0.025625378851549918,0.026810231127761153,-0.00010274440869428858,0.04053719245859333,0.028647032488106516,-0.001075288576935618,0.03544352684978502,0.05312683981237498,-0.0360499743531999,0.009682079430404222,-0.136012133708461,13.300000190734863,104.97000122070312,4.13,3.93,0.671,2.304,0.895,3.491,0.048489464331048504,0.035300316122234054,0.13344594594594605,0.07512832477834808,0.05542452830188682,0.08416149068322976,0.04724412523471089,-0.014458744574595173
2024-01-26,117.98622131347656,71.28968811035156,97.96306610107422,102.95662689208984,62.66999816894531,0.0008861563505477843,0.0574338611947498,0.052734369814719795,-0.015272521254340421,0.03241162898076877,0.017679410709544152,-0.015006024548799402,0.03330801341893763,0.012757613932535161,-0.012088919772554108,0.03797191551209389,0.06065120173115557,-0.03717926417421791,0.01260298573257601,-0.12909951408729126,13.260000228881836,100.2300033569336,4.139,3.97,0.716,2.297,0.917,3.522,0.002179176755447987,0.010178117048346147,0.06706408345752601,-0.0030381944444443088,0.024581005586592264,0.008879977083930068,-0.003007515885668388,-0.04515573791223948
2024-02-02,117.52928161621094,71.23873138427734,97.45304107666016,102.6866455078125,62.5099983215332,0.0013668951108862792,0.049532091950981405,0.050728586324197744,-0.00495020436696858,0.036009685279455805,0.009356657758652576,-0.009846217767919274,0.027573300493973996,0.00042841831014439613,-0.018913371003745016,0.04835978221094428,0.046661853031715106,-0.03399784877245271,0.015267153343643924,-0.13648295553830392,13.850000381469727,106.72000122070312,4.024,3.921,0.663,2.229,0.847,3.379,-0.027784489007006585,-0.012342569269521486,-0.07402234636871496,-0.029603831084022647,-0.07633587786259544,-0.04060193072118112,0.04449473170466467,0.06475104905122775
2024-02-09,117.32613372802734,71.22892761230469,97.4432601928711,101.69677734375,62.06999969482422,-0.006569308785226324,0.03600184265881823,0.07486853486311795,-0.004406639295304604,0.03075203649893643,0.02087719973511759,-0.014541893811020778,0.013332631970801812,0.025821919211024946,-0.026697403409231546,0.028284774155504566,0.051135781167939154,-0.023288742092906767,0.00992516465080251,-0.12454163104399496,12.930000305175781,106.20999908447266,4.177,4.086,0.721,2.38,0.979,3.545,0.0380218687872762,0.042081101759755324,0.08748114630467563,0.06774338268281732,0.1558441558441559,0.04912696063924238,-0.0664259964588042,-0.0047788805322045436
2024-02-16,117.26811218261719,71.09161376953125,97.40409851074219,100.98686981201172,61.65999984741211,-0.005517460289936937,0.02386653588480092,0.07600675206126106,0.0027285746199947614,0.02012973150504971,0.015278447260679284,-0.006399398187136862,-0.00012436819313221825,0.028008696599522098,-0.013961444636828357,0.008568359626058841,0.04726019859296682,-0.014228607522046466,0.006365258474533286,-0.11293342033616094,14.239999771118164,109.19999694824219,4.281,4.114,0.731,2.401,0.931,3.586,0.02489825233421117,0.006852667645619093,0.01386962552011095,0.008823529411764675,-0.049029622063329836,0.011565585331452688,0.10131472815340925,0.02815175491519839
2024-02-23,117.98391723632812,71.05237579345703,97.85427856445312,100.96688079833984,61.54999923706055,-0.001325935167892367,0.01986450202823553,0.0821073862472248,0.00328316689650765,0.020137384244299117,0.024688755385735783,-0.003395816470350921,-0.0019817259161319933,0.04099274005309206,-0.02008727888354822,0.003260728081189823,0.056249110077151165,-0.020995700926515815,-0.016301749444439406,-0.10861699468826214,13.75,108.30999755859375,4.248,4.038,0.716,2.362,0.816,3.463,-0.007708479327259821,-0.01847350510452106,-0.02051983584131334,-0.016243231986672102,-0.12352309344790557,-0.034300055772448323,-0.03441009683946705,-0.008150177788652124
2024-03-01,117.89180755615234,70.81409454345703,98.05551147460938,100.73591613769531,61.70000076293945,0.0010002024373456653,0.005147339679275387,0.08463321831392379,-0.006398638850773519,0.008108315644974162,0.025120674773684737,0.0051526428606287755,-0.00624029713668206,0.03678030755569228,-0.02289774564297975,-0.009949500417955504,0.06305871103932614,-0.021101031923140057,-0.020479455169920002,-0.09808511241004991,13.109999656677246,106.4800033569336,4.186,4.119,0.716,2.413,0.813,3.428,-0.014595103578154522,0.020059435364041533,0.0,0.0215918712955121,-0.003676470588235281,-0.010106843777071939,-0.04654547951438215,-0.016895893665496264
2024-03-08,119.78297424316406,71.1973648071289,99.01634216308594,101.40589141845703,63.0,0.02018319794629919,0.03127672583012808,0.11780875169360172,-0.0003055223376786653,0.012694738219722002,0.044915092637868526,0.0174719616965604,0.022543631914641926,0.05834293756713893,-0.00403542003878965,-0.0021788976792682657,0.07171131151799903,0.007355277865984888,0.00015872870720401444,-0.07189153581134311,14.739999771118164,100.87999725341797,4.077,3.978,0.735,2.269,0.718,3.338,-0.026039178213091208,-0.03423160961398386,0.026536312849162025,-0.05967675093244906,-0.11685116851168509,-0.026254375729288126,0.12433258254211466,-0.05259209172584023
2024-03-15,118.83252716064453,70.9909896850586,98.60456848144531,100.7159194946289,62.15999984741211,0.01644294822428405,0.017447936654861662,0.08904436105029645,0.002873812534172515,0.0027927527236990546,0.03822561964844007,0.01702509863121837,0.006337506480231125,0.050379933101996066,0.00267785101392759,-0.013238901734462627,0.053293417712530156,0.01056741251204607,-0.043545131703029094,-0.11174625799366555,14.40999984741211,97.81999969482422,4.308,4.102,0.785,2.437,0.797,3.547,0.05665930831493737,0.03117144293614893,0.06802721088435382,0.07404142794182444,0.11002785515320346,0.06261234272019167,-0.022388054873152874,-0.0303330456176244
2024-03-22,117.58146667480469,70.68635559082031,97.908447265625,99.09598541259766,61.20000076293945,-0.002593176274957809,0.004915214970641069,0.05804987052452493,-0.006659827112745154,-0.011468035268337506,0.03231933189956293,0.0005535649740260329,-0.005417286195294024,0.015307154193414663,-0.01959769166656733,-0.0376871464084122,0.021089520402633788,-0.005524864275751162,-0.051456851408310356,-0.13851351387633704,13.0600004196167,91.04000091552734,4.202,3.93,0.742,2.321,0.638,3.436,-0.02460538532961931,-0.04193076548025354,-0.054777070063694366,-0.047599507591300605,-0.19949811794228356,-0.031294051310967075,-0.09368490229636306,-0.06931096708698536
2024-03-29,117.90151977539062,71.1089096069336,97.7613754272461,98.66600036621094,61.22999954223633,-0.0002065760005268702,-0.005271032570872025,0.053790504490253355,0.005096988910530786,-0.01776962237233981,0.02767280036156694,-0.002844362751773688,-0.022970873980359796,0.014996366576687903,-0.025394302569499594,-0.06527387666589357,0.01781185503074445,-0.004390251345750773,-0.06419074955448556,-0.14014885087131634,13.010000228881836,86.37999725341797,4.206,3.938,0.706,2.293,0.711,3.467,0.0009519276534983856,0.0020356234096692294,-0.04851752021563349,-0.012063765618268052,0.11442006269592464,0.009022118742724183,-0.003828498401865388,-0.05118633145042717
2024-04-05,118.0814208984375,70.83024597167969,98.25944519042969,98.63999938964844,61.099998474121094,-0.00567159996476807,0.004090536233151587,0.04147364532342901,-0.003367923621894642,-0.011061490647766514,0.012388199722603188,-0.0039951365438063435,-0.004517793260233716,0.009796365377833238,-0.02226188616200564,-0.05739573655751273,0.0033709192328186255,-0.015151554280054658,-0.04590884446245236,-0.13749291879282377,16.030000686645508,94.30999755859375,4.4,4.07,0.77,2.4,0.738,3.592,0.04612458392772223,0.033519553072625774,0.09065155807365444,0.04666375926733535,0.03797468354430378,0.036054225555234964,0.2321291625390871,0.09180366470620593
2024-04-12,116.40872192382812,69.92430114746094,96.50096130371094,97.36000061035156,60.439998626708984,-0.024932843177195907,-0.016345900869633723,0.029203057081526262,-0.02031455568282925,-0.021437032979763293,-0.0005606166630626186,-0.026367928315358058,-0.024456809916461708,-0.011111203191945696,-0.038380763591309486,-0.06713183961402103,-0.019715131982948275,-0.03589089247549271,-0.05147524374071166,-0.13620126379495257,17.309999465942383,112.81999969482422,4.517,4.137,0.861,2.358,0.688,3.661,0.02659090909090911,0.016461916461916193,0.11818181818181817,-0.01749999999999996,-0.0677506775067751,0.01920935412026714,0.07985020115209562,0.1962676557671461
2024-04-19,115.78631591796875,70.15078735351562,96.68760681152344,97.77999877929688,59.90999984741211,-0.029830935762979793,-0.01768190741965403,0.02618115838594348,-0.016735213285853257,-0.015705584467106903,0.002400798361936518,-0.022744845713596584,-0.01645197035752055,-0.007240627605662353,-0.025667992488588753,-0.04545979284390156,-0.014097486976402118,-0.022037194108876834,-0.04251238389621004,-0.13287012559072875,18.709999084472656,111.26000213623047,4.623,4.231,0.835,2.505,0.789,3.74,0.023466902811600576,0.022721779066956715,-0.030197444831591147,0.062340966921119456,0.1468023255813955,0.021578803605572405,0.08087808559929699,-0.013827313976365052
2024-04-26,117.00193786621094,70.53482055664062,97.15916442871094,97.3499984741211,58.650001525878906,-0.00893406281005793,-0.008342359271346522,0.03479273481435419,-0.005324151827088008,-0.010588734131399935,0.020948620834700282,-0.009537333622037014,-0.008206171002588358,-0.009154018152735754,-0.009926373711299452,-0.054456217022777254,-0.025796372547829405,-0.04244895467952803,-0.06414547248317015,-0.15817420600964582,15.029999732971191,104.4000015258789,4.663,4.329,0.92,2.574,0.75,3.826,0.008652390222799067,0.02316237296147472,0.10179640718562877,0.02754491017964078,-0.049429657794676896,0.02299465240641707,-0.1966862389937517,-0.061657383413959876
2024-05-03,117.56829833984375,70.50617980957031,97.76892852783203,98.29000091552734,60.4900016784668,-0.004591565632026007,0.0003319744926224555,0.03140743945516755,-0.00733505892204811,-0.010283051936389564,0.019748484317152926,-0.005091399704417965,0.0032414324651335313,-0.005174814469327438,-0.004759024003004764,-0.04281612833433779,-0.02274282491925328,-0.012569321974593484,-0.032314776792604194,-0.12257035775595326,13.489999771118164,95.95999908447266,4.497,4.228,0.904,2.51,0.751,3.658,-0.03559939952820079,-0.023331023331023326,-0.017391304347826098,-0.024864024864024836,0.0013333333333334085,-0.04391008886565606,-0.10246174246262574,-0.08084293408093601
2024-05-10,117.47077941894531,70.54564666748047,97.89688873291016,98.1500015258789,59.380001068115234,0.0001829896533869224,0.0012328514229682508,0.02485960799933551,0.001971964469096976,-0.009592745078843223,0.0014658251223189644,0.006168728110812927,0.004655309552874076,0.0023174733884643306,0.0031684914103806694,-0.03487599027727761,-0.019849232505638192,-0.018025469333291633,-0.04333814467431507,-0.14351652243116764,12.550000190734863,94.2300033569336,4.5,4.171,0.91,2.52,0.827,3.696,0.0006671114076051143,-0.013481551561021599,0.006637168141592875,0.003984063745019917,0.10119840213049258,0.010388190267905939,-0.06968121544344441,-0.018028300792459984
2024-05-17,119.18696594238281,70.90084075927734,98.85163879394531,97.91999816894531,59.47999954223633,0.024208564642943298,0.016362962821278026,0.050134509614647715,0.012967082628772442,-0.002683481217241268,0.010658272640754474,0.02321338585804944,0.014861184542901862,0.025341846377594512,0.003895809409998341,-0.030369013801253786,-0.011789473230339409,-0.006845881642853602,-0.035355178569097534,-0.12063867417273966,11.989999771118164,89.3499984741211,4.422,4.131,0.949,2.515,0.76,3.625,-0.017333333333333423,-0.009590026372572558,0.042857142857142705,-0.001984126984126977,-0.08101571946795638,-0.019209956709956733,-0.04462154670165852,-0.05178822783575143
2024-05-24,119.5477523803711,70.65418243408203,98.68431091308594,97.25,58.97999954223633,0.02057104150349831,0.011678681404331703,0.06331681336443373,0.0007142722068687046,-0.005878666504643637,0.01805599009205472,0.013136407453037124,0.005666204732872382,0.03175135580013011,-0.002768628510669724,-0.03795600429173407,-0.011572204593568558,-0.008906045945981766,-0.04097561719940934,-0.11706591545306377,11.930000305175781,83.56999969482422,4.467,4.265,1.008,2.583,0.831,3.609,0.010176390773405597,0.03243766642459445,0.062170706006322574,0.027037773359841033,0.09342105263157885,-0.004413793103448249,-0.005004125695390882,-0.06468941105769543
2024-05-31,119.68425750732422,70.91070556640625,98.7138442993164,98.52999877929688,58.84000015258789,0.022748031761981036,0.015204194322986586,0.058304713403571906,0.01139879323025883,0.0013642908741837712,0.019768755038137575,0.01672765980218527,0.006713878850935329,0.038019719021275655,0.017977041505435,-0.021898022502551906,0.008506438670474736,0.0013615015884942405,-0.04635333184743562,-0.11929348446714139,12.920000076293945,91.13999938964844,4.503,4.324,1.075,2.648,0.892,3.633,0.008059100067159264,0.013833528722157151,0.06646825396825395,0.025164537359659178,0.07340553549939832,0.006650041562759723,0.08298405245544349,0.0905827416832341
2024-06-07,119.56597137451172,70.29378509521484,98.31835174560547,99.19000244140625,59.0,0.020886422561583684,-0.001811633665163681,0.05661309937889958,0.000768807237606417,-0.012691196006507033,-0.004315134732598369,0.00703891969715964,-0.007049244621971984,0.03280267630792344,0.012659576639081349,-0.021851678892173987,0.014742966886960307,-0.007903164806721152,-0.06349206349206349,-0.11023975007892872,12.220000267028809,91.81999969482422,4.433,4.264,0.976,2.616,0.871,3.465,-0.015545192094159499,-0.013876040703052595,-0.09209302325581392,-0.012084592145015116,-0.023542600896861,-0.046242774566474076,-0.05417955148077125,0.00746105233409744
2024-06-14,119.35083770751953,70.40254974365234,97.49977111816406,99.88999938964844,58.79999923706055,0.00326274934940618,0.004361689170965022,0.0353036453537634,-0.0067516069321779115,-0.008288938413406832,-0.0064444671029517675,-0.014264653351714895,-0.011204322277310497,0.011291064269637108,0.013905834279973606,-0.008200492128004777,0.012175687495429077,-0.01589959435881927,-0.054054064005784386,-0.11592245754823083,12.65999984741211,100.16000366210938,4.221,4.063,0.93,2.357,0.71,3.284,-0.04782314459733805,-0.04713883677298325,-0.047131147540983576,-0.09900611620795108,-0.1848450057405282,-0.0522366522366523,0.03600651151951917,0.09082992806582713
2024-06-21,119.05750274658203,70.66947937011719,97.4110107421875,99.43000030517578,57.9900016784668,-0.0022290328361945777,0.008146192812072517,0.02309383592242198,-0.0006207016572076229,-0.0057674950193328245,-0.01542552693945265,-0.013198083474274425,-0.009543798547873017,-0.005158461157264371,0.018228353829827126,0.003471904071931986,-0.002186654379751629,-0.021761085144971326,-0.050744777645736705,-0.11614081483002647,13.199999809265137,94.08999633789062,4.257,4.081,0.98,2.409,0.639,3.35,0.008528784648187626,0.004430223972434311,0.053763440860215006,0.022061943148069307,-0.09999999999999998,0.020097442143727218,0.042654025936928575,-0.060603106053150446
2024-06-28,119.01840209960938,70.71891021728516,97.59839630126953,98.98999786376953,57.529998779296875,-0.002148964510742757,0.00947301041026849,0.03292916175969518,0.003859912918302566,-0.005484536210781821,-0.008466672279023868,-0.006644286348590933,-0.0016671116303784705,0.0034781716489475922,0.016741960180767235,0.0032837805967205203,-0.0022993959116381912,-0.019430704367259577,-0.06042790773478934,-0.10737003097924969,12.4399995803833,98.58999633789062,4.392,4.176,1.046,2.485,0.542,3.507,0.031712473572938826,0.023278608184268412,0.06734693877551035,0.03154836031548358,-0.1517996870109546,0.04686567164179101,-0.057575775747238156,0.04782655091025667
2024-07-05,120.75862884521484,71.02397155761719,98.85221099853516,99.29000091552734,57.54999923706055,0.005698230708927499,0.02241981361145151,0.04317909233303907,0.005438225828505283,-4.5006951371995285e-05,-0.002144115013660741,-0.001680309032624172,0.005932215496040838,0.021646104046636472,-0.0064044770108470095,0.005366532683603875,0.0027446122893231006,-0.03746448643865252,-0.06056152768728651,-0.10539409919185105,12.479999542236328,98.77999877929688,4.278,4.129,1.071,2.532,0.665,3.499,-0.02595628415300566,-0.01125478927203083,0.02390057361376674,0.018913480885311973,0.22693726937269365,-0.0022811519817508286,0.0032154311255849777,0.0019271979761015245
2024-07-12,122.44496154785156,71.07349395751953,99.46477508544922,99.41999816894531,58.619998931884766,0.021989406505652953,0.0425347334434476,0.03260046571910058,0.011376670497250219,0.009469070401558755,-0.00939168327739126,0.017067433114229535,0.022283215890506858,0.0013827435115247866,0.0034315334235699435,0.016148833710072363,-0.030582037111291482,-0.0049227790914700975,-0.030593720050810513,-0.12767854770835463,12.460000038146973,86.79000091552734,4.187,4.112,1.047,2.496,0.634,3.412,-0.0212716222533893,-0.004117219665778493,-0.022408963585434205,-0.014218009478673022,-0.046616541353383445,-0.024864246927693734,-0.0016025244249144865,-0.1213808261990229
2024-07-19,121.79788208007812,70.5584487915039,99.29681396484375,100.01000213623047,58.709999084472656,0.018916888946983512,0.04664493298782357,0.03143666342674156,0.000528379690789782,0.008075295888350764,-0.018422989625671904,0.015145243410795484,0.027821394379429876,-0.006396227445001679,-0.005963606703918045,0.025322956710265077,-0.03461379981537005,0.0017061674301268592,-0.019702793741883662,-0.11767360570065044,16.520000457763672,94.29000091552734,4.243,4.126,1.036,2.463,0.583,3.397,0.013374731311201371,0.003404669260700377,-0.010506208213944546,-0.013221153846153855,-0.08044164037854895,-0.004396248534583869,0.3258427293087307,0.08641548474345262
2024-07-26,121.54297637939453,70.15237426757812,99.11898040771484,100.68000030517578,60.150001525878906,0.02255596483346589,0.03760413325278722,0.027378741994321443,-0.006483295813134782,-0.006393114459149474,-0.022098107839412906,0.018564821602313764,0.01759891508107958,0.0008215817231538303,0.015943510145131734,0.032403648183821465,-0.026643817904026035,0.045359759625016816,0.010754549191679619,-0.09303374845200485,16.389999389648438,97.76000213623047,4.194,4.103,1.059,2.403,0.506,3.32,-0.011548432712703338,-0.005574406204556626,0.022200772200772212,-0.02436053593179055,-0.13207547169811318,-0.022667059169855786,-0.007869313832502889,0.03680137010298501
2024-08-02,121.0143051147461,69.97955322265625,99.67479705810547,103.48999786376953,63.099998474121094,0.0068583936959449865,0.03042161595260473,0.039910539927061395,-0.014705152528870724,-0.007608075537406389,-0.014171004308802138,0.012775338114398238,0.023098662183524077,0.02079975484381924,0.047893839866613774,0.05904621951482292,0.021346518953387683,0.10122162852157968,0.04487496459450502,-0.026384804025438746,23.389999389648438,112.26000213623047,3.792,3.831,0.96,2.16,0.396,2.998,-0.09585121602288993,-0.06629295637338528,-0.09348441926345608,-0.10112359550561789,-0.21739130434782605,-0.09698795180722886,0.4270897047391622,0.148322419017483
2024-08-09,120.5915756225586,70.68399810791016,99.76388549804688,102.87000274658203,63.029998779296875,-0.009266195863460558,0.02724868794285218,0.036108625641005476,-0.005064085553792785,0.0015410081122644304,0.0014953204350731664,0.00690807559211315,0.018354560456004698,0.017779350374141023,0.03689147964806505,0.04734271500801768,0.014727091725814212,0.08243172376429331,0.058793886641523185,-0.024907187895323424,20.3700008392334,108.26000213623047,3.94,3.947,0.858,2.222,0.428,3.116,0.03902953586497904,0.03027930044374849,-0.10624999999999996,0.028703703703703676,0.08080808080808066,0.03935957304869908,-0.12911494780763355,-0.03563156889259533
2024-08-16,122.42020416259766,70.93205261230469,100.79328918457031,102.58000183105469,62.58000183105469,0.002607577082139212,0.030161536968616565,0.05113247633129969,0.0034636375263554786,0.0007186888927421808,0.013218078016826285,0.013759347470370331,0.020353345973979753,0.03718791847409264,0.024059136529529512,0.0443901502358417,0.01537014841671902,0.06482901724714396,0.05088165630249808,-0.014332963039135449,14.800000190734863,102.80999755859375,3.883,3.93,0.876,2.258,0.433,3.067,-0.01446700507614207,-0.004307068659741509,0.020979020979021046,0.016201620162016317,0.011682242990654235,-0.01572528883183566,-0.2734413558673253,-0.050341811103778
2024-08-23,125.04517364501953,71.85479736328125,102.35721588134766,104.9000015258789,64.12999725341797,0.03056025147048902,0.04949477052612594,0.07323252843998063,0.024267505034251124,0.021987902584357233,0.025121493113576143,0.0329791635050547,0.04116501331240685,0.05401559210538198,0.03923121645228167,0.07877420640054744,0.03546600874178951,0.06741004159340558,0.08731769669638023,-0.0009348058218732191,15.859999656677246,105.62999725341797,3.795,3.914,0.895,2.225,0.414,3.033,-0.022662889518413665,-0.004071246819338459,0.0216894977168951,-0.014614703277236463,-0.04387990762124716,-0.011085751548744804,0.071621584613625,0.027429236083942543
2024-08-30,124.36681365966797,72.07308197021484,101.14962768554688,104.5999984741211,63.279998779296875,0.03332796627628731,0.039124244490192917,0.06784658390122233,0.03064688543069294,0.016392114484322207,0.027809656234903946,0.0266224152243133,0.024675195293223373,0.03559637883349964,0.027807820815600737,0.06160560002056603,0.03403511794072256,0.025109334983876463,0.07545884798087821,-0.004405327060169051,15.0,107.7699966430664,3.909,4.016,0.891,2.29,0.468,3.16,0.030039525691699653,0.026060296371998026,-0.004469273743016755,0.02921348314606731,0.1304347826086958,0.04187273326739205,-0.05422444358724665,0.020259390753502915
2024-09-06,124.3944091796875,71.62586212158203,101.50164794921875,105.51000213623047,64.88999938964844,0.03728536827056339,0.03505032282507137,0.08519102398204348,0.015034781270843345,0.013391391228449345,0.028886856524119153,0.016914349274593787,0.02446451342643652,0.05802270672958176,0.022581913395650632,0.05594479653445905,0.057661140972391056,0.030818087421710105,0.09150544250455628,0.031145702764464378,22.3799991607666,107.23999786376953,3.716,3.891,0.851,2.171,0.467,2.966,-0.04937324123816822,-0.031125498007968155,-0.04489337822671158,-0.051965065502183494,-0.002136752136752129,-0.06139240506329113,0.4919999440511067,-0.004917869498059169
2024-09-13,124.3944091796875,71.4867172241211,101.42232513427734,104.79000091552734,65.5999984741211,0.025598342398603036,0.03614635922310039,0.08555242543504327,0.010221886604324881,0.015542506674250722,0.01991687758220051,0.007229922553862345,0.03697973168040125,0.056022475940934235,0.020151865948449865,0.05316583834700839,0.052764079275270825,0.04575161729361055,0.11337407523370535,0.04093935254866499,16.559999465942383,100.5999984741211,3.657,3.769,0.841,2.149,0.446,2.906,-0.015877287405812734,-0.031354407607298906,-0.011750881316098694,-0.01013357899585432,-0.04496788008565311,-0.02022926500337152,-0.2600536154186729,-0.061917190618405726
2024-09-20,126.32637023925781,71.68547821044922,102.245361328125,104.5199966430664,64.19000244140625,0.019867956761838723,0.06105341809619347,0.114382754706708,0.00457943102878855,0.014376769850120708,0.016276173065362443,0.002786160619784095,0.04962837926743524,0.07162137308868988,0.0005743591721194541,0.051191756233210706,0.05662972506013508,0.00627059915563577,0.10691499540414173,0.023927322500501447,16.149999618530273,91.0,3.741,3.904,0.866,2.221,0.503,2.953,0.022969647251845693,0.03581851950119397,0.029726516052318797,0.03350395532805961,0.12780269058295968,0.016173434273915932,-0.024758445690491904,-0.095427421667314
2024-09-27,126.94734954833984,71.97369384765625,102.28502655029297,105.75,65.0199966430664,0.016410523430641755,0.0666195084865493,0.13738087546493594,-0.0009664442835233267,0.017743254619107418,0.022050539505893862,0.006203369561309735,0.048019541576857616,0.08716733803527887,0.001989758221062843,0.0682897492889496,0.09495279554595282,0.01800528777850885,0.13019290844248954,0.04685229438284444,16.959999084472656,92.52999877929688,3.751,3.98,0.806,2.14,0.414,2.956,0.002673082063619381,0.01946721311475419,-0.06928406466512693,-0.03647005853219265,-0.17693836978131217,0.0010159160176093085,0.05015476687770337,0.016813173398866788
2024-10-04,124.58859252929688,71.68013000488281,100.60982513427734,103.54000091552734,62.09000015258789,-0.0012090635237865799,0.032050876521849236,0.11517216423042864,-0.0032529450706137997,0.009520283117802952,0.03602248862419,-0.010043599838179373,0.019308464783037493,0.06723756470574327,-0.016340501480106906,0.04469781331746958,0.06652946819994487,-0.03646806641503719,0.0788879404989411,-0.0035307529426155115,19.209999084472656,100.1500015258789,3.981,4.133,0.88,2.212,0.475,3.199,0.061316982138096554,0.038442211055276454,0.09181141439205942,0.03364485981308407,0.1473429951690821,0.0822056833558864,0.13266510150109245,0.08235170049831408
2024-10-11,124.11426544189453,70.73461151123047,100.25224304199219,103.7300033569336,61.91999816894531,-0.0016983132849520688,0.014933294635708139,0.09498520368035113,-0.012031773284474134,-0.0015678633142814924,0.010701546686201935,-0.010859700848987686,0.008017027630315754,0.05389202826780415,-0.006988280049176954,0.044822770269460355,0.052236636668802294,-0.049577947525458965,0.05683560347644634,-0.0056207208325902425,20.459999084472656,118.47000122070312,4.073,4.208,0.95,2.274,0.53,3.214,0.02310977141421766,0.018146624727800598,0.07954545454545459,0.028028933092224095,0.11578947368421066,0.0046889653016568555,0.0650702789991473,0.18292560574839634
2024-10-18,123.99569702148438,70.5156478881836,99.64634704589844,102.73999786376953,61.79999923706055,-0.015684735460598564,0.016408386394641594,0.10844143271098905,-0.016728000861288672,0.0010794287800668378,0.01476792299266183,-0.025419385764463454,0.002821615963087609,0.05473595838439782,-0.020123992761643672,0.027708278576001,0.03850877080686543,-0.046149122337027504,0.04923595307391415,-0.002743294824815723,18.030000686645508,123.12999725341797,4.075,4.057,0.97,2.183,0.43,3.127,0.0004910385465257683,-0.035884030418250945,0.021052631578947434,-0.040017590149516336,-0.18867924528301894,-0.02706907280647175,-0.11876825545272407,0.03933481881234657
2024-10-25,123.26444244384766,70.11753845214844,99.05036926269531,102.61000061035156,60.65999984741211,-0.03149280092958373,0.014654429406402159,0.10473912860643297,-0.028606108957201615,0.0010579765254037365,0.015436650269099683,-0.03274923075776881,0.0022050049381796555,0.044776816046650625,-0.023970291152884737,0.022419290417659887,0.0344773532242304,-0.050852761817548386,0.010326431086453036,-0.019873962746266516,20.329999923706055,128.39999389648438,4.232,4.235,0.949,2.291,0.456,3.256,0.038527607361963145,0.04387478432339176,-0.02164948453608251,0.049473202015575035,0.06046511627906992,0.04125359769747372,0.12756512198938053,0.04280026606530374
2024-11-01,122.97069549560547,69.82568359375,99.46696472167969,102.08000183105469,60.36000061035156,-0.013220736034527336,0.01898104898052355,0.09812371451071922,-0.026951868405656,-0.005301397570038779,0.015460032466966922,-0.015635493808447753,-0.006328254789901733,0.04880869904072305,-0.02072137449137068,-0.02418505653891112,0.04216636894186365,-0.04022895219988354,-0.06171305934561078,-0.01965241335829293,21.8799991607666,132.5800018310547,4.385,4.4425,0.944,2.4035,0.377,3.289,0.03615311909262742,0.04899645808736697,-0.005268703898840932,0.049105194238324046,-0.17324561403508776,0.01013513513513531,0.0762419696447294,0.03255458047716275
2024-11-08,123.05985260009766,70.00508117675781,98.37260437011719,101.52999877929688,60.54999923706055,-0.00770546675834749,0.019636811657326225,0.08663117073778026,-0.011704077745277486,-0.008630892249980815,0.013041785227597691,-0.018554675532375997,-0.01531347524879878,0.022997074429639053,-0.02149193630514523,-0.012354126797267884,0.02659842909165855,-0.0254305778833398,-0.03613499631950334,-0.014806375869960142,14.9399995803833,99.8499984741211,4.305,4.4315,0.999,2.364,0.368,3.182,-0.01824401368301032,-0.0024760832864378912,0.05826271186440679,-0.016434366548783164,-0.023872679045092826,-0.03253268470659776,-0.31718463649795436,-0.24686983636220716
2024-11-15,120.07772827148438,69.19779205322266,96.68133544921875,100.05000305175781,59.83000183105469,-0.029199163519398996,-0.02282306453337324,0.04839726157427848,-0.019242643097646783,-0.02798472492661308,-0.007045679721925713,-0.02645587193749266,-0.04613526899136622,-0.007543698424988032,-0.02485375692287628,-0.029582885232814604,-0.0007882445873046429,-0.026521270382344864,-0.05092003549895263,-0.023502507196840106,16.139999389648438,102.47000122070312,4.444,4.47,1.067,2.3485,0.359,3.277,0.03228803716608608,0.008687803226898438,0.06806806806806809,-0.006556683587140344,-0.024456521739130488,0.02985543683218106,0.08032127462980498,0.026239386946621535
2024-11-22,119.48329162597656,69.7359848022461,95.68646240234375,99.33000183105469,59.619998931884766,-0.03183937434014683,-0.04267260916700566,0.035401319881130267,-0.007976294149465879,-0.031493403183988744,0.0006771218217149766,-0.03666650690242956,-0.0624513586244938,-0.022151074651619695,-0.03243718792388617,-0.0531884628374103,-0.01310210830194869,-0.019891547965599332,-0.0678549126752801,-0.039316828672459,15.239999771118164,99.13999938964844,4.411,4.3845,1.074,2.252,0.331,3.427,-0.007425742574257543,-0.019127516778523423,0.006560449859418949,-0.04109005748350025,-0.07799442896935926,0.045773573390295974,-0.05576206025803809,-0.0324973337697384
2024-11-29,121.3359603881836,69.61637878417969,97.109130859375,100.8499984741211,61.70000076293945,-0.01674861588967924,-0.024370273566534872,0.034512238974047316,-0.006583504885942393,-0.03408627907781747,-0.008942346719501337,-0.025656394417737594,-0.03994574096439518,-0.015831547081203934,-0.01696069720130089,-0.035850860943633545,-0.008828278926134803,0.02406640270438931,-0.024968363572003494,-0.020479455169920002,13.510000228881836,95.22000122070312,4.177,4.244,1.044,2.087,0.209,3.086,-0.053049195193833554,-0.03204470293077899,-0.027932960893854775,-0.07326820603907624,-0.36858006042296076,-0.09950393930551504,-0.11351703203532248,-0.039540026155725494
2024-12-06,121.5961685180664,68.92494201660156,97.1280517578125,101.08999633789062,61.529998779296875,-0.009261975418554669,-0.018372457856544955,0.046887500791511494,-0.014166272640757871,-0.037842062247335995,-0.019627674403437267,-0.014545072012438376,-0.03895790368674423,0.00304322130628365,-0.0033521045673092775,-0.03447947197301393,-0.005287265182372658,0.029618482387505196,-0.048554190174019074,-0.02317832767527972,12.770000457763672,83.19999694824219,4.148,4.2755,1.046,2.1125,0.213,2.981,-0.006942781900885819,0.0074222431668238276,0.0019157088122605526,0.012218495448011346,0.019138755980861344,-0.03402462734931955,-0.05477422343311167,-0.12623402770811454
2024-12-13,120.50373077392578,68.51586151123047,96.51036071777344,99.4800033569336,60.04999923706055,-0.004257166710807225,-0.03821225105488346,0.0317568359831113,-0.015385534665666722,-0.04235687515582143,-0.032170002490565563,-0.004942639766405743,-0.053612301283590735,-0.015035537907074903,-0.007680764519365613,-0.05437256423232406,-0.025347751770443017,0.011964932299409314,-0.08627513509321749,-0.07601167547449517,13.8100004196167,85.66000366210938,4.394,4.4105,1.033,2.247,0.233,3.178,0.05930568948891035,0.031575254356215554,-0.012428298279158811,0.06366863905325437,0.0938967136150235,0.06608520630660863,0.0814408711489707,0.029567389472352046
2024-12-20,120.14623260498047,67.93716430664062,95.95243835449219,99.45999908447266,59.040000915527344,-0.0032946490292130592,-0.051290692419889594,0.026835100637658815,-0.025516039327100004,-0.05634407909336059,-0.04991482515951473,-0.009068707169114898,-0.05752546627343058,-0.02528699821087499,-0.009658480710500794,-0.052400915091220135,-0.0341522399854135,-0.006060616180198597,-0.08308741302738976,-0.0849348421056988,18.360000610351562,91.75,4.529,4.508,1.044,2.2865,0.242,3.277,0.03072371415566666,0.022106337149983002,0.010648596321394033,0.01757899421450837,0.03862660944205998,0.03115166771554434,0.3294714013383897,0.07109498105922274
2024-12-27,120.235595703125,67.69770812988281,95.93250274658203,98.44999694824219,58.459999084472656,0.003965465848749572,-0.052870373970738904,0.014421444183622123,-0.02280420213154921,-0.05941039689895922,-0.06488869273199727,-0.0038501381324893558,-0.062106097226141244,-0.04124866384349635,-0.016876397560483203,-0.06903076171875,-0.06732021518935105,-0.030835554041144353,-0.10089200088098271,-0.10652607654277768,15.949999809265137,94.80000305175781,4.629,4.626,1.09,2.3895,0.278,3.316,0.02207992934422598,0.026175687666371017,0.044061302681992265,0.045047015088563125,0.14876033057851257,0.01190112908147678,-0.13126365582622268,0.03324254007365468
2025-01-03,118.83516693115234,67.54974365234375,94.85888671875,97.7300033569336,58.689998626708984,-0.01692538391660614,-0.04640631587118915,0.012493231503071023,-0.025173415566035806,-0.05866797906331833,-0.05647732195350419,-0.018024164166842604,-0.06123886011743662,-0.03620364818569366,-0.024942631111136815,-0.062451982350803625,-0.06627001913357955,-0.04940076075219102,-0.06678328515981458,-0.09303045190751957,16.1299991607666,93.3499984741211,4.601,4.5915,1.082,2.4245,0.259,3.232,-0.006048822639878937,-0.007457846952010461,-0.007339449541284404,0.014647415777359285,-0.06834532374100721,-0.02533172496984304,0.011285225934416943,-0.0152954064447135
2025-01-10,116.84412384033203,67.65959930419922,94.32013702392578,96.87000274658203,58.47999954223633,-0.03962960977214158,-0.058651190061515646,-0.007489166786288637,-0.01707768255755704,-0.0464243813485703,-0.05287095067810832,-0.02761276887336206,-0.05926501594482969,-0.04262758682267975,-0.04174491783740275,-0.06215507902062778,-0.07182682115574401,-0.04209663762393778,-0.05433377428947095,-0.08781782895828238,19.540000915527344,96.56999969482422,4.762,4.835,1.198,2.5675,0.413,3.44,0.034992392958052454,0.053032777959272526,0.10720887245841015,0.058981233243967646,0.5945945945945945,0.06435643564356419,0.21140743534909623,0.0344938540261015
2025-01-17,116.52556610107422,67.48983001708984,94.65934753417969,97.05000305175781,59.13999938964844,-0.03824413695773543,-0.055654253554689226,-0.010032717086776666,-0.01440088937625228,-0.04681147775126204,-0.04702116380057486,-0.020493841331905904,-0.04947853123813739,-0.03545524229472152,-0.02344530354250962,-0.05519857964918451,-0.056362171871613076,-0.012522958885346602,-0.041180299983140656,-0.05436522987057968,15.970000267028809,95.5999984741211,4.622,4.6555,1.2,2.503,0.352,3.295,-0.029399412011759662,-0.037125129265770385,0.0016694490818029983,-0.025121713729308603,-0.14769975786924938,-0.04215116279069764,-0.18270217406497946,-0.01004453995825283
2025-01-24,119.62162780761719,68.049072265625,96.70458984375,98.01000213623047,59.20000076293945,-0.004366385745012025,-0.03102874299353453,0.01568782541803304,0.0016472274067735881,-0.03402481573609817,-0.043224003070495454,0.007838794950463024,-0.023290962381650182,-0.012157034690451929,-0.014578694566553252,-0.04557405973231066,-0.04049860082311907,0.0027100244737636725,-0.03188880971841357,-0.053254407186394404,14.850000381469727,86.75,4.616,4.6305,1.228,2.5445,0.435,3.275,-0.0012981393336218838,-0.005369992482010644,0.023333333333333428,0.016580103875349694,0.23579545454545459,-0.006069802731411222,-0.07013148821740478,-0.0925732072738138
2025-01-31,118.82521057128906,67.23017120361328,95.60714721679688,97.5,59.470001220703125,-0.009521395316418269,-0.03970913060291925,0.0072755021402892694,-0.011277970241373114,-0.03967940610902565,-0.05965557457042858,-0.0007972782027296788,-0.036694328010154376,-0.023270115491261678,-0.007734603294398235,-0.04850201192052861,-0.0555671787069254,0.011222578337021671,-0.012290281930271041,-0.05362824512574382,16.43000030517578,91.76000213623047,4.542,4.534,1.242,2.459,0.362,3.063,-0.01603119584055457,-0.020840082064571774,0.01140065146579805,-0.03360188642169393,-0.16781609195402303,-0.06473282442748085,0.10639729852651225,0.05775218600842047
2025-02-07,119.02379608154297,68.4114990234375,95.22154235839844,97.6500015258789,60.9900016784668,-0.00317258303478285,-0.04029223291032591,0.01681695558856444,0.0059164747233930726,-0.02884735873915667,-0.03743376127738274,-0.00017287461159287698,-0.05084598047861377,-0.0200444136764224,-0.0005117238886892528,-0.05157340331983884,-0.04514379040400607,0.04274234789294562,-0.00016390691038037364,-0.0264964055384167,16.540000915527344,93.12999725341797,4.494,4.476,1.295,2.377,0.357,3.076,-0.010568031704095149,-0.012792236435818172,0.04267310789049916,-0.03334688897925997,-0.013812154696132617,0.0042442050277504695,0.006695107018160451,0.014930199273029077
2025-02-14,120.77018737792969,68.95120239257812,96.76994323730469,98.69000244140625,60.58000183105469,0.03035277901738631,-0.005231436732494599,0.032162844696221216,0.012217182052375986,-0.013368733508514752,-0.024319328482264257,0.020683112030807527,-0.007762151360699909,2.0262429206718835e-05,0.014285707564767991,-0.020252167651565234,-0.015629394682852293,0.02712787896297919,0.014570469936722397,-0.014157834354486476,14.770000457763672,84.66999816894531,4.477,4.499,1.341,2.423,0.448,3.103,-0.003782821539830783,0.00513851653261832,0.03552123552123554,0.01935212452671453,0.2549019607843137,0.00877763328998693,-0.10701332284099452,-0.0908407530760682
2025-02-21,121.26914978027344,68.71133422851562,96.48023986816406,98.95999908447266,61.900001525878906,0.027627254049594097,0.004122685865310727,0.03199062579249734,0.012704498710186973,-0.012434956921588025,-0.03161120501670944,0.005982905099012781,-0.008609032907086367,-0.012659354517438715,0.010620924581033808,-0.016106608839629666,-0.019682406328806912,0.0493303909919085,0.03633018584083736,0.002429174508160381,18.209999084472656,91.83000183105469,4.43,4.5715,1.411,2.4625,0.553,3.105,-0.010498101407192428,0.016114692153812005,0.05219985085756895,0.01630210482872463,0.234375,0.0006445375443118184,0.23290443602530764,0.08456364493858559
2025-02-28,120.86000061035156,67.53199768066406,95.74099731445312,98.33999633789062,61.31999969482422,0.013557793195811518,0.009095731764647175,0.023286155973642808,-0.0023277187206879324,-0.031327709308378915,-0.048626839898679886,-0.0022440628223097114,-0.007172053328202366,-0.023939035254810226,0.0049049225888548875,-0.01895452480417137,-0.02794246305525705,0.032149467300416346,0.02336451216055746,-0.003898662656153351,19.6299991607666,104.45999908447266,4.202,4.4835,1.36,2.3865,0.427,2.898,-0.05146726862302475,-0.019249699223449657,-0.03614457831325302,-0.030862944162436623,-0.2278481012658229,-0.06666666666666665,0.07797914045502363,0.13753672004334883
2025-03-07,124.2300033569336,68.02999877929688,100.0999984741211,100.98999786376953,62.369998931884766,0.036268861241037564,0.027703886063552563,0.04893051838431828,-0.0032467485286231668,-0.01824273841240942,-0.037043908599373454,0.04378653664615362,0.036231639107920266,0.018609608679841516,0.02486296859630066,0.007582505052199595,0.0021243251047153855,0.03210323708277096,0.010204036868980193,0.009059982950198275,23.3700008392334,104.41000366210938,4.304,4.6475,1.5,2.835,0.658,3.031,0.02427415516420761,0.03657856585257058,0.10294117647058809,0.18793211816467648,0.5409836065573772,0.04589371980676327,0.1905248007316136,-0.0004786082979270079
2025-03-14,124.38999938964844,68.05999755859375,100.48999786376953,100.36000061035156,62.060001373291016,0.04159187805947595,0.020226700691648336,0.04234355301079429,-0.004847385933377524,-0.01126091177917976,-0.044988350278706846,0.04861780137474292,0.03834131529342821,0.015888724322951076,0.03219168101771719,-0.002385664685981781,-0.0103139057649968,0.03848733461106968,0.021227594303276698,-0.010522956546025197,21.770000457763672,101.01000213623047,4.318,4.67,1.503,2.873,0.763,3.064,0.0032527881040891327,0.00484131253362019,0.0020000000000000018,0.013403880070546936,0.15957446808510634,0.010887495875948394,-0.0684638563976282,-0.03256394413012342
2025-03-21,124.33000183105469,68.18000030517578,99.9000015258789,100.55999755859375,61.77000045776367,0.022044134428410134,0.02440728711553808,0.04711684006079331,-0.011614443221319104,4.9574498609317175e-05,-0.03826517956046516,0.03138713889694511,0.03544282817013933,0.015257756482379481,0.0169902948203986,0.010653241794912116,0.00383381564159313,0.0017839865492017548,0.02727422851349437,0.006517867571137925,19.280000686645508,94.54000091552734,4.249,4.712,1.505,2.765,0.668,2.994,-0.015979620194534472,0.008993576017130689,0.0013306719893546592,-0.03759136790811002,-0.12450851900393178,-0.02284595300261094,-0.11437757091227685,-0.06405307478339761
2025-03-28,124.62000274658203,68.33999633789062,99.97000122070312,100.70999908447266,61.56999969482422,0.028901497798067277,0.04162716131574817,0.05733183709333112,0.010469218539155722,0.006668598160375794,-0.03493793462328476,0.04134623454105735,0.04599748304769147,0.018913392266789897,0.01964161696205169,0.021399600841833344,0.02299729957302321,-0.0008114124947619095,0.04942903726582881,0.0070330439886885365,21.649999618530273,96.83000183105469,4.251,4.7005,1.528,2.732,0.586,3.007,0.0004706989879972312,-0.0024405772495754707,0.015282392026578107,-0.011934900542495464,-0.1227544910179642,0.004342017368069495,0.12292525142524346,0.02422256075048579
